CI_ID,CI_NAME,HOST_NAME,CI_TYPE,CI_CATEGORY,DEPTH_LEVEL,PARENT_CI_ID,LOCATION_OR_URL,IP_ADDRESS,OS_VERSION,SERIAL_NUM,OWNER_TEAM,ADMIN_USER_ID,STATUS,INST_DT,CHG_TICKET_ID
AST-SEC-007,"""Check Point Quantum 16200 (A)""","""FW-INT-01A""","""Firewall""","""Network_Security""","""3""","""AST-NET-003""","""Rack-01-U29""","""10.254.3.1""","""Gaia R81.x""","""SN-CP162-001""","""Security_Team""","""admin_sec""","""Active""","""2026-03-15""","""CHG-2026-001"""
AST-SEC-008,"""Check Point Quantum 16200 (B)""","""FW-INT-01B""","""Firewall""","""Network_Security""","""3""","""AST-NET-004""","""Rack-02-U29""","""10.254.3.2""","""Gaia R81.x""","""SN-CP162-002""","""Security_Team""","""admin_sec""","""Active""","""2026-03-15""","""CHG-2026-001"""
AST-SEC-011,"""Cisco Catalyst 9300 (DMZ SW-A)""","""SW-DMZ-01A""","""Switch""","""Network_Equipment""","""3""","""AST-NET-003""","""Rack-01-U21""","""10.254.2.11""","""Cisco IOS-XE""","""SN-CS9300-01""","""Security_Team""","""admin_sec""","""Active""","""2026-03-15""","""CHG-2026-001"""
AST-SEC-012,"""Cisco Catalyst 9300 (DMZ SW-B)""","""SW-DMZ-01B""","""Switch""","""Network_Equipment""","""3""","""AST-NET-004""","""Rack-02-U21""","""10.254.2.12""","""Cisco IOS-XE""","""SN-CS9300-02""","""Security_Team""","""admin_sec""","""Active""","""2026-03-15""","""CHG-2026-001"""
AST-SEC-013,"""Cisco Catalyst 9300 (SOL SW-A)""","""SW-SOL-01A""","""Switch""","""Network_Equipment""","""3""","""AST-NET-003""","""Rack-01-U19""","""10.254.3.11""","""Cisco IOS-XE""","""SN-CS9300-03""","""Security_Team""","""admin_sec""","""Active""","""2026-03-15""","""CHG-2026-001"""
AST-SEC-014,"""Cisco Catalyst 9300 (SOL SW-B)""","""SW-SOL-01B""","""Switch""","""Network_Equipment""","""3""","""AST-NET-004""","""Rack-02-U19""","""10.254.3.12""","""Cisco IOS-XE""","""SN-CS9300-04""","""Security_Team""","""admin_sec""","""Active""","""2026-03-15""","""CHG-2026-001"""
AST-SEC-015,"""Cisco Catalyst 9300 (TAP SW-A)""","""SW-TAP-01A""","""Switch""","""Network_Equipment""","""3""","""AST-NET-003""","""Rack-01-U17""","""10.254.4.11""","""Cisco IOS-XE""","""SN-CS9300-05""","""Security_Team""","""admin_sec""","""Active""","""2026-03-15""","""CHG-2026-001"""
AST-SEC-016,"""Cisco Catalyst 9300 (TAP SW-B)""","""SW-TAP-01B""","""Switch""","""Network_Equipment""","""3""","""AST-NET-004""","""Rack-02-U17""","""10.254.4.12""","""Cisco IOS-XE""","""SN-CS9300-06""","""Security_Team""","""admin_sec""","""Active""","""2026-03-15""","""CHG-2026-001"""
AST-SEC-019,"""Citrix ADC NetScaler (L4/L7-A)""","""LB-EXT-01A""","""Load_Balancer""","""Network_Equipment""","""3""","""AST-SEC-001""","""Rack-01-U15""","""10.254.1.10""","""NetScaler OS""","""SN-CTX-LB01""","""Security_Team""","""admin_sec""","""Active""","""2026-03-15""","""CHG-2026-001"""
AST-SEC-020,"""Citrix ADC NetScaler (L4/L7-B)""","""LB-EXT-01B""","""Load_Balancer""","""Network_Equipment""","""3""","""AST-SEC-002""","""Rack-02-U15""","""10.254.1.20""","""NetScaler OS""","""SN-CTX-LB02""","""Security_Team""","""admin_sec""","""Active""","""2026-03-15""","""CHG-2026-001"""
AST-SEC-017,"""Dell PowerEdge R360 (Console-A)""","""MGT-CON-01A""","""Server""","""Security_Management""","""4""","""AST-SEC-013""","""Rack-04-U19""","""10.254.254.1""","""RHEL 9.x""","""SN-DELL-CON01""","""Security_Team""","""admin_sec""","""Active""","""2026-03-25""","""CHG-2026-003"""
AST-SEC-018,"""Dell PowerEdge R360 (Console-B)""","""MGT-CON-01B""","""Server""","""Security_Management""","""4""","""AST-SEC-014""","""Rack-04-U20""","""10.254.254.2""","""RHEL 9.x""","""SN-DELL-CON02""","""Security_Team""","""admin_sec""","""Active""","""2026-03-25""","""CHG-2026-003"""
AST-SOL-005,"""Dell PowerEdge R760 (DRM DB-A)""","""DRM-DB-01A""","""Server""","""Internal_Security_Sol""","""4""","""AST-SEC-013""","""Rack-04-U05""","""10.200.1.15""","""RHEL 9.x""","""SN-DRM-DB01A""","""Security_Team""","""admin_sec""","""Active""","""2026-03-25""","""CHG-2026-003"""
AST-SOL-006,"""Dell PowerEdge R760 (DRM DB-B)""","""DRM-DB-01B""","""Server""","""Internal_Security_Sol""","""4""","""AST-SEC-014""","""Rack-04-U06""","""10.200.1.16""","""RHEL 9.x""","""SN-DRM-DB01B""","""Security_Team""","""admin_sec""","""Active""","""2026-03-25""","""CHG-2026-003"""
AST-SOL-003,"""HPE ProLiant DL360 Gen11 (DRM Key)""","""DRM-KEY-01A""","""Server""","""Internal_Security_Sol""","""4""","""AST-SEC-013""","""Rack-04-U03""","""10.200.1.13""","""RHEL 9.x""","""SN-DRM-KEY01A""","""Security_Team""","""admin_sec""","""Active""","""2026-03-25""","""CHG-2026-003"""
AST-SOL-004,"""HPE ProLiant DL360 Gen11 (DRM Key)""","""DRM-KEY-01B""","""Server""","""Internal_Security_Sol""","""4""","""AST-SEC-014""","""Rack-04-U04""","""10.200.1.14""","""RHEL 9.x""","""SN-DRM-KEY01B""","""Security_Team""","""admin_sec""","""Active""","""2026-03-25""","""CHG-2026-003"""
AST-SOL-001,"""Dell PowerEdge R760 (DRM Main-A)""","""DRM-MGT-01A""","""Server""","""Internal_Security_Sol""","""4""","""AST-SEC-013""","""Rack-04-U01""","""10.200.1.11""","""Windows 2022""","""SN-DRM-MGT01A""","""Security_Team""","""admin_sec""","""Active""","""2026-03-25""","""CHG-2026-003"""
AST-SOL-002,"""Dell PowerEdge R760 (DRM Main-B)""","""DRM-MGT-01B""","""Server""","""Internal_Security_Sol""","""4""","""AST-SEC-014""","""Rack-04-U02""","""10.200.1.12""","""Windows 2022""","""SN-DRM-MGT01B""","""Security_Team""","""admin_sec""","""Active""","""2026-03-25""","""CHG-2026-003"""
AST-SEC-005,"""F5 BIG-IP Advanced WAF (A)""","""WAF-DMZ-01A""","""WAF""","""Network_Security""","""4""","""AST-SEC-011""","""Rack-01-U31""","""10.254.2.1""","""TMOS 17.x""","""SN-F5WAF-001""","""Security_Team""","""admin_sec""","""Active""","""2026-03-15""","""CHG-2026-001"""
AST-SEC-006,"""F5 BIG-IP Advanced WAF (B)""","""WAF-DMZ-01B""","""WAF""","""Network_Security""","""4""","""AST-SEC-012""","""Rack-02-U31""","""10.254.2.2""","""TMOS 17.x""","""SN-F5WAF-002""","""Security_Team""","""admin_sec""","""Active""","""2026-03-15""","""CHG-2026-001"""
AST-SEC-003,"""Fortinet FortiGate 400F (A)""","""IPS-EXT-01A""","""IPS""","""Network_Security""","""3""","""AST-SEC-001""","""Rack-01-U33""","""10.254.1.3""","""FortiOS 7.x""","""SN-FG400F-001""","""Security_Team""","""admin_sec""","""Active""","""2026-03-15""","""CHG-2026-001"""
AST-SEC-004,"""Fortinet FortiGate 400F (B)""","""IPS-EXT-01B""","""IPS""","""Network_Security""","""3""","""AST-SEC-002""","""Rack-02-U33""","""10.254.1.4""","""FortiOS 7.x""","""SN-FG400F-002""","""Security_Team""","""admin_sec""","""Active""","""2026-03-15""","""CHG-2026-001"""
AST-SEC-001,"""Palo Alto PA-5450 (Active-A)""","""FW-EXT-01A""","""Firewall""","""Network_Security""","""3""","""AST-NET-003""","""Rack-01-U35""","""10.254.1.1""","""PAN-OS 11.x""","""SN-PA5450-001""","""Security_Team""","""admin_sec""","""Active""","""2026-03-15""","""CHG-2026-001"""
AST-SEC-002,"""Palo Alto PA-5450 (Active-B)""","""FW-EXT-01B""","""Firewall""","""Network_Security""","""3""","""AST-NET-004""","""Rack-02-U35""","""10.254.1.2""","""PAN-OS 11.x""","""SN-PA5450-002""","""Security_Team""","""admin_sec""","""Active""","""2026-03-15""","""CHG-2026-001"""
AST-SEC-009,"""Pulse Secure PSA5000 (A)""","""VPN-SSL-01A""","""VPN""","""Network_Security""","""3""","""AST-SEC-001""","""Rack-01-U27""","""10.254.1.5""","""PCS OS 9.x""","""SN-PULSE-001""","""Security_Team""","""admin_sec""","""Active""","""2026-03-15""","""CHG-2026-001"""
AST-SEC-010,"""Pulse Secure PSA5000 (B)""","""VPN-SSL-01B""","""VPN""","""Network_Security""","""3""","""AST-SEC-002""","""Rack-02-U27""","""10.254.1.6""","""PCS OS 9.x""","""SN-PULSE-002""","""Security_Team""","""admin_sec""","""Active""","""2026-03-15""","""CHG-2026-001"""
AST-SOL-009,"""Dell PowerEdge R660 (AM-A)""","""SEC-AM-01A""","""Server""","""Internal_Security_Sol""","""4""","""AST-SEC-013""","""Rack-04-U09""","""10.200.1.31""","""RHEL 9.x""","""SN-SEC-AM01A""","""Security_Team""","""admin_sec""","""Active""","""2026-03-25""","""CHG-2026-003"""
AST-SOL-010,"""Dell PowerEdge R660 (AM-B)""","""SEC-AM-01B""","""Server""","""Internal_Security_Sol""","""4""","""AST-SEC-014""","""Rack-04-U10""","""10.200.1.32""","""RHEL 9.x""","""SN-SEC-AM01B""","""Security_Team""","""admin_sec""","""Active""","""2026-03-25""","""CHG-2026-003"""
AST-SOL-013,"""Dell PowerEdge R660 (DBAC)""","""SEC-DBAC-01""","""Server""","""Internal_Security_Sol""","""4""","""AST-SEC-013""","""Rack-04-U13""","""10.200.1.51""","""RHEL 9.x""","""SN-SEC-DBAC01""","""Security_Team""","""admin_sec""","""Active""","""2026-03-25""","""CHG-2026-003"""
AST-SOL-008,"""HPE ProLiant DL360 Gen11 (DLP)""","""SEC-DLP-01""","""Server""","""Internal_Security_Sol""","""4""","""AST-SEC-014""","""Rack-04-U08""","""10.200.1.22""","""Windows 2022""","""SN-SEC-DLP01""","""Security_Team""","""admin_sec""","""Active""","""2026-03-25""","""CHG-2026-003"""
AST-SOL-007,"""HPE ProLiant DL360 Gen11 (PMS)""","""SEC-PMS-01""","""Server""","""Internal_Security_Sol""","""4""","""AST-SEC-013""","""Rack-04-U07""","""10.200.1.21""","""Windows 2022""","""SN-SEC-PMS01""","""Security_Team""","""admin_sec""","""Active""","""2026-03-25""","""CHG-2026-003"""
AST-SOL-011,"""HPE ProLiant DL360 Gen11 (SIEM)""","""SEC-SIEM-01""","""Server""","""Internal_Security_Sol""","""4""","""AST-SEC-013""","""Rack-04-U11""","""10.200.1.41""","""RHEL 9.x""","""SN-SEC-SIEM01""","""Security_Team""","""admin_sec""","""Active""","""2026-03-25""","""CHG-2026-003"""
AST-SOL-014,"""Dell PowerEdge R660 (SOC)""","""SEC-SOC-01""","""Server""","""Internal_Security_Sol""","""4""","""AST-SEC-014""","""Rack-04-U14""","""10.200.1.52""","""RHEL 9.x""","""SN-SEC-SOC01""","""Security_Team""","""admin_sec""","""Active""","""2026-03-25""","""CHG-2026-003"""
AST-SOL-012,"""HPE ProLiant DL360 Gen11 (SSO)""","""SEC-SSO-01""","""Server""","""Internal_Security_Sol""","""4""","""AST-SEC-014""","""Rack-04-U12""","""10.200.1.42""","""Windows 2022""","""SN-SEC-SSO01""","""Security_Team""","""admin_sec""","""Active""","""2026-03-25""","""CHG-2026-003"""
AST-SOL-015,"""HPE ProLiant DL360 Gen11 (VDIGW)""","""SEC-VDIGW-01""","""Server""","""Internal_Security_Sol""","""4""","""AST-SEC-013""","""Rack-04-U15""","""10.200.1.61""","""RHEL 9.x""","""SN-SEC-VDI01""","""Security_Team""","""admin_sec""","""Active""","""2026-03-25""","""CHG-2026-003"""
AST-DMZ-005,"""Dell PowerEdge R660""","""FEP-SRV-01""","""Server""","""DMZ_Compute""","""4""","""AST-SEC-011""","""Rack-03-U05""","""10.100.1.21""","""Windows 2022""","""SN-DELL-FEP01""","""Infra_Team""","""user_infra""","""Active""","""2026-03-20""","""CHG-2026-002"""
AST-DMZ-006,"""Dell PowerEdge R660""","""FEP-SRV-02""","""Server""","""DMZ_Compute""","""4""","""AST-SEC-012""","""Rack-03-U06""","""10.100.1.22""","""Windows 2022""","""SN-DELL-FEP02""","""Infra_Team""","""user_infra""","""Active""","""2026-03-20""","""CHG-2026-002"""
AST-DMZ-009,"""Dell PowerEdge R660""","""FTP-SRV-01""","""Server""","""DMZ_Compute""","""4""","""AST-SEC-011""","""Rack-03-U09""","""10.100.1.41""","""RHEL 9.x""","""SN-DELL-FTP01""","""Infra_Team""","""user_infra""","""Active""","""2026-03-20""","""CHG-2026-002"""
AST-DMZ-010,"""Dell PowerEdge R660""","""FTP-SRV-02""","""Server""","""DMZ_Compute""","""4""","""AST-SEC-012""","""Rack-03-U10""","""10.100.1.42""","""RHEL 9.x""","""SN-DELL-FTP02""","""Infra_Team""","""user_infra""","""Active""","""2026-03-20""","""CHG-2026-002"""
AST-DMZ-013,"""Dell PowerEdge R660""","""SSL-ACC-01""","""Server""","""DMZ_Compute""","""4""","""AST-SEC-011""","""Rack-03-U13""","""10.100.1.61""","""RHEL 9.x""","""SN-DELL-SSL01""","""Infra_Team""","""user_infra""","""Active""","""2026-03-20""","""CHG-2026-002"""
AST-DMZ-014,"""Dell PowerEdge R660""","""SSL-ACC-02""","""Server""","""DMZ_Compute""","""4""","""AST-SEC-012""","""Rack-03-U14""","""10.100.1.62""","""RHEL 9.x""","""SN-DELL-SSL02""","""Infra_Team""","""user_infra""","""Active""","""2026-03-20""","""CHG-2026-002"""
AST-DMZ-007,"""HPE ProLiant DL360 Gen11""","""DNS-SRV-01""","""Server""","""DMZ_Compute""","""4""","""AST-SEC-011""","""Rack-03-U07""","""10.100.1.31""","""RHEL 9.x""","""SN-HPE-DNS01""","""Infra_Team""","""user_infra""","""Active""","""2026-03-20""","""CHG-2026-002"""
AST-DMZ-008,"""HPE ProLiant DL360 Gen11""","""DNS-SRV-02""","""Server""","""DMZ_Compute""","""4""","""AST-SEC-012""","""Rack-03-U08""","""10.100.1.32""","""RHEL 9.x""","""SN-HPE-DNS02""","""Infra_Team""","""user_infra""","""Active""","""2026-03-20""","""CHG-2026-002"""
AST-DMZ-011,"""HPE ProLiant DL360 Gen11""","""APIGW-SRV-01""","""Server""","""DMZ_Compute""","""4""","""AST-SEC-011""","""Rack-03-U11""","""10.100.1.51""","""RHEL 9.x""","""SN-HPE-GW01""","""Infra_Team""","""user_infra""","""Active""","""2026-03-20""","""CHG-2026-002"""
AST-DMZ-012,"""HPE ProLiant DL360 Gen11""","""APIGW-SRV-02""","""Server""","""DMZ_Compute""","""4""","""AST-SEC-012""","""Rack-03-U12""","""10.100.1.52""","""RHEL 9.x""","""SN-HPE-GW02""","""Infra_Team""","""user_infra""","""Active""","""2026-03-20""","""CHG-2026-002"""
AST-DMZ-015,"""HPE ProLiant DL360 Gen11""","""MAIL-SRV-01""","""Server""","""DMZ_Compute""","""4""","""AST-SEC-011""","""Rack-03-U15""","""10.100.1.71""","""RHEL 9.x""","""SN-HPE-MAIL01""","""Infra_Team""","""user_infra""","""Active""","""2026-03-20""","""CHG-2026-002"""
AST-DMZ-001,"""HPE ProLiant DL360 Gen11""","""WEB-SRV-01""","""Server""","""DMZ_Compute""","""4""","""AST-SEC-011""","""Rack-03-U01""","""10.100.1.11""","""RHEL 9.x""","""SN-HPE-WEB01""","""Infra_Team""","""user_infra""","""Active""","""2026-03-20""","""CHG-2026-002"""
AST-DMZ-002,"""HPE ProLiant DL360 Gen11""","""WEB-SRV-02""","""Server""","""DMZ_Compute""","""4""","""AST-SEC-012""","""Rack-03-U02""","""10.100.1.12""","""RHEL 9.x""","""SN-HPE-WEB02""","""Infra_Team""","""user_infra""","""Active""","""2026-03-20""","""CHG-2026-002"""
AST-DMZ-003,"""HPE ProLiant DL360 Gen11""","""WEB-SRV-03""","""Server""","""DMZ_Compute""","""4""","""AST-SEC-011""","""Rack-03-U03""","""10.100.1.13""","""RHEL 9.x""","""SN-HPE-WEB03""","""Infra_Team""","""user_infra""","""Active""","""2026-03-20""","""CHG-2026-002"""
AST-DMZ-004,"""HPE ProLiant DL360 Gen11""","""WEB-SRV-04""","""Server""","""DMZ_Compute""","""4""","""AST-SEC-012""","""Rack-03-U04""","""10.100.1.14""","""RHEL 9.x""","""SN-HPE-WEB04""","""Infra_Team""","""user_infra""","""Active""","""2026-03-20""","""CHG-2026-002"""
CI_ID,CI_NAME,HOST_NAME,CI_TYPE,CI_CATEGORY,DEPTH_LEVEL,PARENT_CI_ID,LOCATION_OR_URL,IP_ADDRESS,OS_VERSION,SERIAL_NUM,OWNER_TEAM,ADMIN_USER_ID,STATUS,INST_DT,CHG_TICKET_ID
CFG_USR_019,AI융합사업팀 사원 한지민,,HUMAN,Staff,0,,본관 4층 사업기획실,,,AI융합사업팀,USR_006,OPERATIONAL,2026-01-01 9:00,,
CFG_USR_020,AI융합사업팀 사원 강민재,,HUMAN,Staff,0,,본관 4층 사업기획실,,,AI융합사업팀,USR_006,OPERATIONAL,2026-01-01 9:00,,
CFG_USR_012,AI융합사업팀 책임 서태웅,,HUMAN,Staff,0,,본관 4층 사업기획실,,,AI융합사업팀,USR_006,OPERATIONAL,2026-01-01 9:00,,
CFG_USR_017,AI융합사업팀 주임 윤서아,,HUMAN,Staff,0,,본관 4층 사업기획실,,,AI융합사업팀,USR_006,OPERATIONAL,2026-01-01 9:00,,
CFG_USR_013,AI융합사업팀 선임 송태섭,,HUMAN,Staff,0,,본관 4층 사업기획실,,,AI융합사업팀,USR_006,OPERATIONAL,2026-01-01 9:00,,
CFG_USR_015,AI융합사업팀 주임 채치수,,HUMAN,Staff,0,,본관 4층 사업기획실,,,AI융합사업팀,USR_006,OPERATIONAL,2026-01-01 9:00,,
CFG_USR_018,AI융합사업팀 주임 박도현,,HUMAN,Staff,0,,본관 4층 사업기획실,,,AI융합사업팀,USR_006,OPERATIONAL,2026-01-01 9:00,,
CFG_USR_016,AI융합사업팀 주임 이명헌,,HUMAN,Staff,0,,본관 4층 사업기획실,,,AI융합사업팀,USR_006,OPERATIONAL,2026-01-01 9:00,,
CFG_USR_014,AI융합사업팀 선임 정대만,,HUMAN,Staff,0,,본관 4층 사업기획실,,,AI융합사업팀,USR_006,OPERATIONAL,2026-01-01 9:00,,
CFG_USR_011,AI융합사업팀 책임 강백호,,HUMAN,Staff,0,,본관 4층 사업기획실,,,AI융합사업팀,USR_006,OPERATIONAL,2026-01-01 9:00,,
CFG_USR_022,경영지원팀 선임 김낙수,,HUMAN,Staff,0,,본관 2층 경영지원실,,,경영지원팀,USR_021,OPERATIONAL,2026-01-01 9:00,,
CFG_USR_002,인프라운영팀 팀장 김철수,,HUMAN,Staff,0,,본관 3층 전산조정실,,,경영지원팀,USR_002,OPERATIONAL,2026-01-01 9:00,,
CFG_USR_024,경영지원팀 주임 최유리,,HUMAN,Staff,0,,본관 2층 경영지원실,,,경영지원팀,USR_021,OPERATIONAL,2026-01-01 9:00,,
CFG_USR_001,정보화기획팀 팀장 홍길동,,HUMAN,Staff,0,,본관 4층 정보화기획팀,,,경영지원팀,USR_001,OPERATIONAL,2026-01-01 9:00,,
CFG_USR_025,경영지원팀 사원 이준우,,HUMAN,Staff,0,,본관 2층 경영지원실,,,경영지원팀,USR_021,OPERATIONAL,2026-01-01 9:00,,
CFG_USR_006,AI융합사업팀 팀장 정재하,,HUMAN,Staff,0,,본관 4층 사업기획실,,,경영지원팀,USR_006,OPERATIONAL,2026-01-01 9:00,,
CFG_USR_026,경영지원팀 사원 김아름,,HUMAN,Staff,0,,본관 2층 경영지원실,,,경영지원팀,USR_021,OPERATIONAL,2026-01-01 9:00,,
CFG_USR_023,경영지원팀 주임 정우성,,HUMAN,Staff,0,,본관 2층 경영지원실,,,경영지원팀,USR_021,OPERATIONAL,2026-01-01 9:00,,
CFG_USR_027,혁신성장팀 팀장 임재원,,HUMAN,Staff,0,,본관 2층 혁신본부,,,경영지원팀,USR_027,OPERATIONAL,2026-01-01 9:00,,
CFG_USR_021,경영지원팀 책임 신현철,,HUMAN,Staff,0,,본관 2층 경영지원실,,,경영지원팀,USR_021,OPERATIONAL,2026-01-01 9:00,,
CFG_USR_009,인프라운영팀 선임 최영민,,HUMAN,Staff,0,,본관 3층 전산조정실,,,인프라운영팀,USR_002,OPERATIONAL,2026-01-01 9:00,,
CFG_USR_010,인프라운영팀 주임 정수진,,HUMAN,Staff,0,,본관 3층 전산조정실,,,인프라운영팀,USR_002,OPERATIONAL,2026-01-01 9:00,,
CFG_USR_004,인프라운영팀 책임 이민수,,HUMAN,Staff,0,,본관 3층 전산조정실,,,인프라운영팀,USR_002,OPERATIONAL,2026-01-01 9:00,,
CFG_USR_005,인프라운영팀 선임 최데이,,HUMAN,Staff,0,,본관 3층 전산조정실,,,인프라운영팀,USR_002,OPERATIONAL,2026-01-01 9:00,,
CFG_USR_003,인프라운영팀 수석 박영희,,HUMAN,Staff,0,,본관 3층 전산조정실,,,인프라운영팀,USR_002,OPERATIONAL,2026-01-01 9:00,,
CFG_USR_008,정보화기획팀 주임 박서준,,HUMAN,Staff,0,,본관 4층 정보화기획팀,,,정보화기획팀,USR_001,OPERATIONAL,2026-01-01 9:00,,
CFG_USR_007,정보화기획팀 선임 이지은,,HUMAN,Staff,0,,본관 4층 정보화기획팀,,,정보화기획팀,USR_001,OPERATIONAL,2026-01-01 9:00,,
CFG_USR_030,혁신성장팀 사원 백승우,,HUMAN,Staff,0,,본관 2층 혁신본부,,,혁신성장팀,USR_027,OPERATIONAL,2026-01-01 9:00,,
CFG_USR_029,혁신성장팀 선임 전나래,,HUMAN,Staff,0,,본관 2층 혁신본부,,,혁신성장팀,USR_027,OPERATIONAL,2026-01-01 9:00,,
CFG_USR_028,혁신성장팀 책임 오진우,,HUMAN,Staff,0,,본관 2층 혁신본부,,,혁신성장팀,USR_027,OPERATIONAL,2026-01-01 9:00,,
CFG_NET_001,메인 대외 방화벽,ai-fw-01,NETWORK,Switch,0,,본관 3층 전산실,10.140.1.1,FortiOS v7.4,SN-NET-11221,인프라운영팀,USR_003,OPERATIONAL,2026-01-15 9:00,
CFG_NET_002,센터 백본 스위치,ai-bb-01,NETWORK,Switch,0,,본관 3층 전산실,10.140.1.2,Cisco IOS-XE,SN-NET-11222,인프라운영팀,USR_003,OPERATIONAL,2026-01-15 9:00,
CFG_NET_005,DMZ 구간 L3 스위치 01,ai-dmzl3-01,NETWORK,Switch,0,,본관 3층 전산실,10.140.5.1,Cisco IOS-XE,SN-NET-11225,인프라운영팀,USR_003,OPERATIONAL,2026-01-15 9:00,
CFG_NET_006,DMZ 구간 L3 스위치 02,ai-dmzl3-02,NETWORK,Switch,0,,본관 3층 전산실,10.140.5.2,Cisco IOS-XE,SN-NET-11226,인프라운영팀,USR_003,OPERATIONAL,2026-01-15 9:00,
CFG_NET_007,내부망 방화벽,ai-infw-01,NETWORK,Switch,0,,본관 3층 전산실,10.140.1.3,FortiOS v7.4,SN-NET-11227,인프라운영팀,USR_003,OPERATIONAL,2026-01-15 9:00,
CFG_NET_010,SSL-VPN 게이트웨이 장비,ai-vpn-01,NETWORK,Switch,0,,본관 3층 전산실,10.140.1.10,FortiOS v7.4,SN-NET-11230,인프라운영팀,USR_003,OPERATIONAL,2026-01-15 9:00,
CFG_SRV_001,대표홈페이지 WEB 서버 01,ai-web-srv01,HARDWARE,Server,0,,본관 3층 전산실,10.140.10.11,CentOS Stream 9,SN-SRV-99812,인프라운영팀,USR_003,OPERATIONAL,2026-01-15 9:00,CHG_20260302_001
CFG_SRV_002,대표홈페이지 WEB 서버 02,ai-web-srv02,HARDWARE,Server,0,,본관 3층 전산실,10.140.10.12,CentOS Stream 9,SN-SRV-99813,인프라운영팀,USR_003,OPERATIONAL,2026-01-15 9:00,CHG_20260302_001
CFG_SRV_007,행정지원통합 서버,ai-adm-srv01,HARDWARE,Server,0,,본관 3층 전산실,10.140.30.11,Windows Server 2022,SN-SRV-99818,인프라운영팀,USR_003,OPERATIONAL,2026-01-15 9:00,
CFG_SRV_008,내부 공유 파일 서버,ai-nas-srv01,HARDWARE,Server,0,,본관 3층 전산실,10.140.30.15,Ubuntu 22.04 LTS,SN-SRV-99819,인프라운영팀,USR_003,OPERATIONAL,2026-01-15 9:00,
CFG_SRV_013,공단 내부 그룹웨어 서버,ai-gw-srv01,HARDWARE,Server,0,,본관 3층 전산실,10.140.30.12,Windows Server 2022,SN-SRV-99824,인프라운영팀,USR_003,OPERATIONAL,2026-01-15 9:00,
CFG_SRV_015,인증 및 권한 관리(AD) 서버,ai-ad-srv01,HARDWARE,Server,0,,본관 3층 전산실,10.140.30.14,Windows Server 2022,SN-SRV-99826,인프라운영팀,USR_003,OPERATIONAL,2026-01-15 9:00,
CFG_TER_001,임직원 PC _ 정보화기획팀 홍길동,,HARDWARE,PC,0,,본관 4층 정보화기획팀,,Windows 11 Pro,SN-TER-50001,인프라운영팀,USR_003,OPERATIONAL,2026-01-15 9:00,
CFG_TER_002,임직원 PC _ 인프라운영팀 김철수,,HARDWARE,PC,0,,본관 3층 전산조정실,,Windows 11 Pro,SN-TER-50002,인프라운영팀,USR_003,OPERATIONAL,2026-01-15 9:00,
CFG_TER_003,임직원 PC _ 인프라운영팀 박영희,,HARDWARE,PC,0,,본관 3층 전산조정실,,Windows 11 Pro,SN-TER-50003,인프라운영팀,USR_003,OPERATIONAL,2026-01-15 9:00,
CFG_TER_004,임직원 PC _ 인프라운영팀 이민수,,HARDWARE,PC,0,,본관 3층 전산조정실,,Windows 11 Pro,SN-TER-50004,인프라운영팀,USR_003,OPERATIONAL,2026-01-15 9:00,
CFG_TER_005,임직원 PC _ 인프라운영팀 최데이,,HARDWARE,PC,0,,본관 3층 전산조정실,,Windows 11 Pro,SN-TER-50005,인프라운영팀,USR_003,OPERATIONAL,2026-01-15 9:00,
CFG_TER_006,임직원 PC _ AI융합사업팀 정재하,,HARDWARE,PC,0,,본관 4층 사업기획실,,Windows 11 Pro,SN-TER-50006,인프라운영팀,USR_003,OPERATIONAL,2026-01-15 9:00,
CFG_TER_007,임직원 PC _ AI융합사업팀 강백호,,HARDWARE,PC,0,,본관 4층 사업기획실,,Windows 11 Pro,SN-TER-50007,인프라운영팀,USR_003,OPERATIONAL,2026-01-15 9:00,
CFG_TER_008,임직원 PC _ AI융합사업팀 서태웅,,HARDWARE,PC,0,,본관 4층 사업기획실,,Windows 11 Pro,SN-TER-50008,인프라운영팀,USR_003,OPERATIONAL,2026-01-15 9:00,
CFG_TER_009,임직원 PC _ AI융합사업팀 송태섭,,HARDWARE,PC,0,,본관 4층 사업기획실,,Windows 11 Pro,SN-TER-50009,인프라운영팀,USR_003,OPERATIONAL,2026-01-15 9:00,
CFG_TER_010,임직원 PC _ AI융합사업팀 정대만,,HARDWARE,PC,0,,본관 4층 사업기획실,,Windows 11 Pro,SN-TER-50010,인프라운영팀,USR_003,OPERATIONAL,2026-01-15 9:00,
CFG_TER_011,임직원 PC _ AI융합사업팀 채치수,,HARDWARE,PC,0,,본관 4층 사업기획실,,Windows 11 Pro,SN-TER-50011,인프라운영팀,USR_003,OPERATIONAL,2026-01-15 9:00,
CFG_TER_012,임직원 PC _ AI융합사업팀 이명헌,,HARDWARE,PC,0,,본관 4층 사업기획실,,Windows 11 Pro,SN-TER-50012,인프라운영팀,USR_003,OPERATIONAL,2026-01-15 9:00,
CFG_TER_013,임직원 PC _ 경영지원팀 신현철,,HARDWARE,PC,0,,본관 2층 경영지원실,,Windows 11 Pro,SN-TER-50013,인프라운영팀,USR_003,OPERATIONAL,2026-01-15 9:00,
CFG_TER_014,임직원 PC _ 경영지원팀 김낙수,,HARDWARE,PC,0,,본관 2층 경영지원실,,Windows 11 Pro,SN-TER-50014,인프라운영팀,USR_003,OPERATIONAL,2026-01-15 9:00,
CFG_TER_015,임직원 PC _ 경영지원팀 정우성,,HARDWARE,PC,0,,본관 2층 경영지원실,,Windows 11 Pro,SN-TER-50015,인프라운영팀,USR_003,OPERATIONAL,2026-01-15 9:00,
CFG_TER_016,임직원 PC _ 정보화기획팀 이지은,,HARDWARE,PC,0,,본관 4층 정보화기획팀,,Windows 11 Pro,SN-TER-50016,인프라운영팀,USR_003,OPERATIONAL,2026-01-15 9:00,
CFG_TER_017,임직원 PC _ 정보화기획팀 박서준,,HARDWARE,PC,0,,본관 4층 정보화기획팀,,Windows 11 Pro,SN-TER-50017,인프라운영팀,USR_003,OPERATIONAL,2026-01-15 9:00,
CFG_TER_018,임직원 PC _ 인프라운영팀 최영민,,HARDWARE,PC,0,,본관 3층 전산조정실,,Windows 11 Pro,SN-TER-50018,인프라운영팀,USR_003,OPERATIONAL,2026-01-15 9:00,
CFG_TER_019,임직원 PC _ 인프라운영팀 정수진,,HARDWARE,PC,0,,본관 3층 전산조정실,,Windows 11 Pro,SN-TER-50019,인프라운영팀,USR_003,OPERATIONAL,2026-01-15 9:00,
CFG_TER_020,임직원 PC _ AI융합사업팀 윤서아,,HARDWARE,PC,0,,본관 4층 사업기획실,,Windows 11 Pro,SN-TER-50020,인프라운영팀,USR_003,OPERATIONAL,2026-01-15 9:00,
CFG_TER_021,임직원 PC _ AI융합사업팀 박도현,,HARDWARE,PC,0,,본관 4층 사업기획실,,Windows 11 Pro,SN-TER-50021,인프라운영팀,USR_003,OPERATIONAL,2026-01-15 9:00,
CFG_TER_022,임직원 PC _ AI융합사업팀 한지민,,HARDWARE,PC,0,,본관 4층 사업기획실,,Windows 11 Pro,SN-TER-50022,인프라운영팀,USR_003,OPERATIONAL,2026-01-15 9:00,
CFG_TER_023,임직원 PC _ AI융합사업팀 강민재,,HARDWARE,PC,0,,본관 4층 사업기획실,,Windows 11 Pro,SN-TER-50023,인프라운영팀,USR_003,OPERATIONAL,2026-01-15 9:00,
CFG_TER_024,임직원 PC _ 경영지원팀 최유리,,HARDWARE,PC,0,,본관 2층 경영지원실,,Windows 11 Pro,SN-TER-50024,인프라운영팀,USR_003,OPERATIONAL,2026-01-15 9:00,
CFG_TER_025,임직원 PC _ 경영지원팀 이준우,,HARDWARE,PC,0,,본관 2층 경영지원실,,Windows 11 Pro,SN-TER-50025,인프라운영팀,USR_003,OPERATIONAL,2026-01-15 9:00,
CFG_TER_026,임직원 PC _ 경영지원팀 김아름,,HARDWARE,PC,0,,본관 2층 경영지원실,,Windows 11 Pro,SN-TER-50026,인프라운영팀,USR_003,OPERATIONAL,2026-01-15 9:00,
CFG_TER_027,임직원 PC _ 혁신성장팀 임재원,,HARDWARE,PC,0,,본관 2층 혁신본부,,Windows 11 Pro,SN-TER-50027,인프라운영팀,USR_003,OPERATIONAL,2026-01-15 9:00,
CFG_TER_028,임직원 PC _ 혁신성장팀 오진우,,HARDWARE,PC,0,,본관 2층 혁신본부,,Windows 11 Pro,SN-TER-50028,인프라운영팀,USR_003,OPERATIONAL,2026-01-15 9:00,
CFG_TER_029,임직원 PC _ 혁신성장팀 전나래,,HARDWARE,PC,0,,본관 2층 혁신본부,,Windows 11 Pro,SN-TER-50029,인프라운영팀,USR_003,OPERATIONAL,2026-01-15 9:00,
CFG_TER_030,임직원 PC _ 혁신성장팀 백승우,,HARDWARE,PC,0,,본관 2층 혁신본부,,Windows 11 Pro,SN-TER-50030,인프라운영팀,USR_003,OPERATIONAL,2026-01-15 9:00,
CFG_TER_036,가상화 VM 임직원 전용 자산 인덱스 01,vdi-win-001,HARDWARE,VM,0,CFG_TER_034,VDI 클러스터 A,,Windows 11 Ent,SN-VM-50101,인프라운영팀,USR_003,OPERATIONAL,2026-01-15 9:00,
CFG_TER_037,가상화 VM 임직원 전용 자산 인덱스 02,vdi-win-002,HARDWARE,VM,0,CFG_TER_034,VDI 클러스터 A,,Windows 11 Ent,SN-VM-50102,인프라운영팀,USR_003,OPERATIONAL,2026-01-15 9:00,
CFG_TER_038,가상화 VM 임직원 전용 자산 인덱스 03,vdi-win-003,HARDWARE,VM,0,CFG_TER_034,VDI 클러스터 A,,Windows 11 Ent,SN-VM-50103,인프라운영팀,USR_003,OPERATIONAL,2026-01-15 9:00,
CFG_TER_039,가상화 VM 임직원 전용 자산 인덱스 04,vdi-win-004,HARDWARE,VM,0,CFG_TER_034,VDI 클러스터 A,,Windows 11 Ent,SN-VM-50104,인프라운영팀,USR_003,OPERATIONAL,2026-01-15 9:00,
CFG_TER_040,가상화 VM 임직원 전용 자산 인덱스 05,vdi-win-005,HARDWARE,VM,0,CFG_TER_034,VDI 클러스터 A,,Windows 11 Ent,SN-VM-50105,인프라운영팀,USR_003,OPERATIONAL,2026-01-15 9:00,
CFG_TER_041,가상화 VM 임직원 전용 자산 인덱스 06,vdi-win-006,HARDWARE,VM,0,CFG_TER_034,VDI 클러스터 A,,Windows 11 Ent,SN-VM-50106,인프라운영팀,USR_003,OPERATIONAL,2026-01-15 9:00,
CFG_TER_042,가상화 VM 임직원 전용 자산 인덱스 07,vdi-win-007,HARDWARE,VM,0,CFG_TER_034,VDI 클러스터 A,,Windows 11 Ent,SN-VM-50107,인프라운영팀,USR_003,OPERATIONAL,2026-01-15 9:00,
CFG_TER_043,가상화 VM 임직원 전용 자산 인덱스 08,vdi-win-008,HARDWARE,VM,0,CFG_TER_034,VDI 클러스터 A,,Windows 11 Ent,SN-VM-50108,인프라운영팀,USR_003,OPERATIONAL,2026-01-15 9:00,
CFG_TER_044,가상화 VM 임직원 전용 자산 인덱스 09,vdi-win-009,HARDWARE,VM,0,CFG_TER_034,VDI 클러스터 A,,Windows 11 Ent,SN-VM-50109,인프라운영팀,USR_003,OPERATIONAL,2026-01-15 9:00,
CFG_TER_045,가상화 VM 임직원 전용 자산 인덱스 10,vdi-win-010,HARDWARE,VM,0,CFG_TER_034,VDI 클러스터 A,,Windows 11 Ent,SN-VM-50110,인프라운영팀,USR_003,OPERATIONAL,2026-01-15 9:00,
CFG_NET_003,사무실 L2 스위치 01,ai-l2-01,NETWORK,Switch,0,,본관 2층 OA실,10.140.50.1,Cisco IOS,SN-NET-11223,인프라운영팀,USR_004,OPERATIONAL,2026-01-15 9:00,
CFG_NET_004,사무실 L2 스위치 02,ai-l2-02,NETWORK,Switch,0,,본관 4층 OA실,10.140.50.2,Cisco IOS,SN-NET-11224,인프라운영팀,USR_004,OPERATIONAL,2026-01-15 9:00,
CFG_NET_008,침입방지시스템(IPS),ai-ips-01,NETWORK,Switch,0,,본관 3층 전산실,10.140.1.4,Linux Embedded,SN-NET-11228,인프라운영팀,USR_004,OPERATIONAL,2026-01-15 9:00,
CFG_NET_009,사내 무선인증 AP 컨트롤러,ai-wlc-01,NETWORK,Switch,0,,본관 3층 전산실,10.140.50.5,Cisco IOS,SN-NET-11229,인프라운영팀,USR_004,OPERATIONAL,2026-01-15 9:00,
CFG_TER_031,부서용 고속 복합기 01,,HARDWARE,Peripheral,0,,본관 4층 OA존,,Linux Embedded,SN-PRN-10001,인프라운영팀,USR_004,OPERATIONAL,2026-01-15 9:00,
CFG_TER_032,부서용 고속 복합기 02,,HARDWARE,Peripheral,0,,본관 3층 OA존,,Linux Embedded,SN-PRN-10002,인프라운영팀,USR_004,OPERATIONAL,2026-01-15 9:00,
CFG_TER_033,부서용 고속 복합기 03,,HARDWARE,Peripheral,0,,본관 2층 OA존,,Linux Embedded,SN-PRN-10003,인프라운영팀,USR_004,OPERATIONAL,2026-01-15 9:00,
CFG_TER_034,가상화 PC 서버(VDI) 호스트 01,ai-vdi-host01,HARDWARE,Server,0,,본관 3층 전산실,10.140.60.11,VMware ESXi 8.0,SN-SRV-88101,인프라운영팀,USR_004,OPERATIONAL,2026-01-15 9:00,
CFG_TER_035,가상화 PC 서버(VDI) 호스트 02,ai-vdi-host02,HARDWARE,Server,0,,본관 3층 전산실,10.140.60.12,VMware ESXi 8.0,SN-SRV-88102,인프라운영팀,USR_004,OPERATIONAL,2026-01-15 9:00,
CFG_SRV_003,대표홈페이지 WAS 서버 01,ai-was-srv01,HARDWARE,Server,0,,본관 3층 전산실,10.140.10.21,Rocky Linux 9.2,SN-SRV-99814,인프라운영팀,USR_004,OPERATIONAL,2026-01-15 9:00,CHG_20260315_002
CFG_SRV_004,대표홈페이지 WAS 서버 02,ai-was-srv02,HARDWARE,Server,0,,본관 3층 전산실,10.140.10.22,Rocky Linux 9.2,SN-SRV-99815,인프라운영팀,USR_004,OPERATIONAL,2026-01-15 9:00,CHG_20260315_002
CFG_SRV_009,대표홈페이지 배치 서버,ai-bat-srv01,HARDWARE,Server,0,,본관 3층 전산실,10.140.10.31,Rocky Linux 9.2,SN-SRV-99820,인프라운영팀,USR_004,OPERATIONAL,2026-01-15 9:00,
CFG_SRV_014,사내 메일 서버,ai-mail-srv01,HARDWARE,Server,0,,본관 3층 전산실,10.140.30.13,Rocky Linux 9.2,SN-SRV-99825,인프라운영팀,USR_004,OPERATIONAL,2026-01-15 9:00,
CFG_SRV_017,백업 마스터 서버,ai-bck-srv01,HARDWARE,Server,0,,본관 3층 전산실,10.140.20.51,RHEL 9.4,SN-SRV-99828,인프라운영팀,USR_004,OPERATIONAL,2026-01-15 9:00,
CFG_TER_046,가상화 VM 임직원 전용 자산 인덱스 11,vdi-win-011,HARDWARE,VM,0,CFG_TER_035,VDI 클러스터 B,,Windows 11 Ent,SN-VM-50111,인프라운영팀,USR_004,OPERATIONAL,2026-01-15 9:00,
CFG_TER_047,가상화 VM 임직원 전용 자산 인덱스 12,vdi-win-012,HARDWARE,VM,0,CFG_TER_035,VDI 클러스터 B,,Windows 11 Ent,SN-VM-50112,인프라운영팀,USR_004,OPERATIONAL,2026-01-15 9:00,
CFG_TER_048,가상화 VM 임직원 전용 자산 인덱스 13,vdi-win-013,HARDWARE,VM,0,CFG_TER_035,VDI 클러스터 B,,Windows 11 Ent,SN-VM-50113,인프라운영팀,USR_004,OPERATIONAL,2026-01-15 9:00,
CFG_TER_049,가상화 VM 임직원 전용 자산 인덱스 14,vdi-win-014,HARDWARE,VM,0,CFG_TER_035,VDI 클러스터 B,,Windows 11 Ent,SN-VM-50114,인프라운영팀,USR_004,OPERATIONAL,2026-01-15 9:00,
CFG_TER_050,가상화 VM 임직원 전용 자산 인덱스 15,vdi-win-015,HARDWARE,VM,0,CFG_TER_035,VDI 클러스터 B,,Windows 11 Ent,SN-VM-50115,인프라운영팀,USR_004,OPERATIONAL,2026-01-15 9:00,
CFG_TER_051,가상화 VM 임직원 전용 자산 인덱스 16,vdi-win-016,HARDWARE,VM,0,CFG_TER_035,VDI 클러스터 B,,Windows 11 Ent,SN-VM-50116,인프라운영팀,USR_004,OPERATIONAL,2026-01-15 9:00,
CFG_TER_052,가상화 VM 임직원 전용 자산 인덱스 17,vdi-win-017,HARDWARE,VM,0,CFG_TER_035,VDI 클러스터 B,,Windows 11 Ent,SN-VM-50117,인프라운영팀,USR_004,OPERATIONAL,2026-01-15 9:00,
CFG_TER_053,가상화 VM 임직원 전용 자산 인덱스 18,vdi-win-018,HARDWARE,VM,0,CFG_TER_035,VDI 클러스터 B,,Windows 11 Ent,SN-VM-50118,인프라운영팀,USR_004,OPERATIONAL,2026-01-15 9:00,
CFG_TER_054,가상화 VM 임직원 전용 자산 인덱스 19,vdi-win-019,HARDWARE,VM,0,CFG_TER_035,VDI 클러스터 B,,Windows 11 Ent,SN-VM-50119,인프라운영팀,USR_004,OPERATIONAL,2026-01-15 9:00,
CFG_TER_055,가상화 VM 임직원 전용 자산 인덱스 20,vdi-win-020,HARDWARE,VM,0,CFG_TER_035,VDI 클러스터 B,,Windows 11 Ent,SN-VM-50120,인프라운영팀,USR_004,OPERATIONAL,2026-01-15 9:00,
CFG_TER_056,가상화 VM 임직원 전용 자산 인덱스 21,vdi-win-021,HARDWARE,VM,0,CFG_TER_035,VDI 클러스터 B,,Windows 11 Ent,SN-VM-50121,인프라운영팀,USR_004,OPERATIONAL,2026-01-15 9:00,
CFG_TER_057,가상화 VM 임직원 전용 자산 인덱스 22,vdi-win-022,HARDWARE,VM,0,CFG_TER_035,VDI 클러스터 B,,Windows 11 Ent,SN-VM-50122,인프라운영팀,USR_004,OPERATIONAL,2026-01-15 9:00,
CFG_TER_058,가상화 VM 임직원 전용 자산 인덱스 23,vdi-win-023,HARDWARE,VM,0,CFG_TER_035,VDI 클러스터 B,,Windows 11 Ent,SN-VM-50123,인프라운영팀,USR_004,OPERATIONAL,2026-01-15 9:00,
CFG_TER_059,가상화 VM 임직원 전용 자산 인덱스 24,vdi-win-024,HARDWARE,VM,0,CFG_TER_035,VDI 클러스터 B,,Windows 11 Ent,SN-VM-50124,인프라운영팀,USR_004,OPERATIONAL,2026-01-15 9:00,
CFG_TER_060,가상화 VM 임직원 전용 자산 인덱스 25,vdi-win-025,HARDWARE,VM,0,CFG_TER_035,VDI 클러스터 B,,Windows 11 Ent,SN-VM-50125,인프라운영팀,USR_004,OPERATIONAL,2026-01-15 9:00,
CFG_TER_061,가상화 VM 임직원 전용 자산 인덱스 26,vdi-win-026,HARDWARE,VM,0,CFG_TER_035,VDI 클러스터 B,,Windows 11 Ent,SN-VM-50126,인프라운영팀,USR_004,OPERATIONAL,2026-01-15 9:00,
CFG_TER_062,가상화 VM 임직원 전용 자산 인덱스 27,vdi-win-027,HARDWARE,VM,0,CFG_TER_035,VDI 클러스터 B,,Windows 11 Ent,SN-VM-50127,인프라운영팀,USR_004,OPERATIONAL,2026-01-15 9:00,
CFG_TER_063,가상화 VM 임직원 전용 자산 인덱스 28,vdi-win-028,HARDWARE,VM,0,CFG_TER_035,VDI 클러스터 B,,Windows 11 Ent,SN-VM-50128,인프라운영팀,USR_004,OPERATIONAL,2026-01-15 9:00,
CFG_TER_064,가상화 VM 임직원 전용 자산 인덱스 29,vdi-win-029,HARDWARE,VM,0,CFG_TER_035,VDI 클러스터 B,,Windows 11 Ent,SN-VM-50129,인프라운영팀,USR_004,OPERATIONAL,2026-01-15 9:00,
CFG_TER_065,가상화 VM 임직원 전용 자산 인덱스 30,vdi-win-030,HARDWARE,VM,0,CFG_TER_035,VDI 클러스터 B,,Windows 11 Ent,SN-VM-50130,인프라운영팀,USR_004,OPERATIONAL,2026-01-15 9:00,
CFG_SRV_005,대표홈페이지 메인 DB 서버(Active),ai-db-srv01,HARDWARE,Server,0,,본관 3층 전산실,10.140.20.11,RHEL 9.4,SN-SRV-99816,인프라운영팀,USR_005,OPERATIONAL,2026-01-15 9:00,CHG_20260410_001
CFG_SRV_006,대표홈페이지 메인 DB 서버(Standby),ai-db-srv02,HARDWARE,Server,0,,본관 3층 전산실,10.140.20.12,RHEL 9.4,SN-SRV-99817,인프라운영팀,USR_005,STANDBY,2026-01-15 9:00,CHG_20260410_001
CFG_SRV_010,대표홈페이지 연계 대외계 서버,ai-ext-srv01,HARDWARE,Server,0,,본관 3층 전산실,10.140.10.41,RHEL 9.4,SN-SRV-99821,인프라운영팀,USR_005,OPERATIONAL,2026-01-15 9:00,CHG_20260611_002
CFG_SRV_016,형상관리 및 자산관리 DB 서버,ai-cfg-db01,HARDWARE,Server,0,,본관 3층 전산실,10.140.20.21,PostgreSQL 16,SN-SRV-99827,인프라운영팀,USR_005,OPERATIONAL,2026-01-15 9:00,
CFG_DEV_001,스토리지 스토어 인덱스 자산 01,,HARDWARE,Storage,0,,본관 3층 전산실,,SAN OS v1.2,SN-STG-201,인프라운영팀,USR_005,OPERATIONAL,2026-01-15 9:00,
CFG_DEV_002,스토리지 스토어 인덱스 자산 02,,HARDWARE,Storage,0,,본관 3층 전산실,,SAN OS v1.2,SN-STG-202,인프라운영팀,USR_005,OPERATIONAL,2026-01-15 9:00,
CFG_DEV_003,스토리지 스토어 인덱스 자산 03,,HARDWARE,Storage,0,,본관 3층 전산실,,SAN OS v1.2,SN-STG-203,인프라운영팀,USR_005,OPERATIONAL,2026-01-15 9:00,
CFG_DEV_004,스토리지 스토어 인덱스 자산 04,,HARDWARE,Storage,0,,본관 3층 전산실,,SAN OS v1.2,SN-STG-204,인프라운영팀,USR_005,OPERATIONAL,2026-01-15 9:00,
CFG_DEV_005,스토리지 스토어 인덱스 자산 05,,HARDWARE,Storage,0,,본관 3층 전산실,,SAN OS v1.2,SN-STG-205,인프라운영팀,USR_005,OPERATIONAL,2026-01-15 9:00,
CFG_DEV_006,스토리지 스토어 인덱스 자산 06,,HARDWARE,Storage,0,,본관 3층 전산실,,SAN OS v1.2,SN-STG-206,인프라운영팀,USR_005,OPERATIONAL,2026-01-15 9:00,
CFG_DEV_007,스토리지 스토어 인덱스 자산 07,,HARDWARE,Storage,0,,본관 3층 전산실,,SAN OS v1.2,SN-STG-207,인프라운영팀,USR_005,OPERATIONAL,2026-01-15 9:00,
CFG_DEV_008,스토리지 스토어 인덱스 자산 08,,HARDWARE,Storage,0,,본관 3층 전산실,,SAN OS v1.2,SN-STG-208,인프라운영팀,USR_005,OPERATIONAL,2026-01-15 9:00,
CFG_DEV_009,스토리지 스토어 인덱스 자산 09,,HARDWARE,Storage,0,,본관 3층 전산실,,SAN OS v1.2,SN-STG-209,인프라운영팀,USR_005,OPERATIONAL,2026-01-15 9:00,
CFG_DEV_010,스토리지 스토어 인덱스 자산 10,,HARDWARE,Storage,0,,본관 3층 전산실,,SAN OS v1.2,SN-STG-210,인프라운영팀,USR_005,OPERATIONAL,2026-01-15 9:00,
CFG_DEV_011,스토리지 스토어 인덱스 자산 11,,HARDWARE,Storage,0,,본관 3층 전산실,,SAN OS v1.2,SN-STG-211,인프라운영팀,USR_005,OPERATIONAL,2026-01-15 9:00,
CFG_DEV_012,스토리지 스토어 인덱스 자산 12,,HARDWARE,Storage,0,,본관 3층 전산실,,SAN OS v1.2,SN-STG-212,인프라운영팀,USR_005,OPERATIONAL,2026-01-15 9:00,
CFG_DEV_013,스토리지 스토어 인덱스 자산 13,,HARDWARE,Storage,0,,본관 3층 전산실,,SAN OS v1.2,SN-STG-213,인프라운영팀,USR_005,OPERATIONAL,2026-01-15 9:00,
CFG_DEV_014,스토리지 스토어 인덱스 자산 14,,HARDWARE,Storage,0,,본관 3층 전산실,,SAN OS v1.2,SN-STG-214,인프라운영팀,USR_005,OPERATIONAL,2026-01-15 9:00,
CFG_DEV_015,스토리지 스토어 인덱스 자산 15,,HARDWARE,Storage,0,,본관 3층 전산실,,SAN OS v1.2,SN-STG-215,인프라운영팀,USR_005,OPERATIONAL,2026-01-15 9:00,
CFG_DEV_016,스토리지 스토어 인덱스 자산 16,,HARDWARE,Storage,0,,본관 3층 전산실,,SAN OS v1.2,SN-STG-216,인프라운영팀,USR_005,OPERATIONAL,2026-01-15 9:00,
CFG_DEV_017,스토리지 스토어 인덱스 자산 17,,HARDWARE,Storage,0,,본관 3층 전산실,,SAN OS v1.2,SN-STG-217,인프라운영팀,USR_005,OPERATIONAL,2026-01-15 9:00,
CFG_DEV_018,스토리지 스토어 인덱스 자산 18,,HARDWARE,Storage,0,,본관 3층 전산실,,SAN OS v1.2,SN-STG-218,인프라운영팀,USR_005,OPERATIONAL,2026-01-15 9:00,
CFG_DEV_019,스토리지 스토어 인덱스 자산 19,,HARDWARE,Storage,0,,본관 3층 전산실,,SAN OS v1.2,SN-STG-219,인프라운영팀,USR_005,OPERATIONAL,2026-01-15 9:00,
CFG_DEV_020,스토리지 스토어 인덱스 자산 20,,HARDWARE,Storage,0,,본관 3층 전산실,,SAN OS v1.2,SN-STG-220,인프라운영팀,USR_005,OPERATIONAL,2026-01-15 9:00,
CFG_DEV_021,스토리지 스토어 인덱스 자산 21,,HARDWARE,Storage,0,,본관 3층 전산실,,SAN OS v1.2,SN-STG-221,인프라운영팀,USR_005,OPERATIONAL,2026-01-15 9:00,
CFG_DEV_022,스토리지 스토어 인덱스 자산 22,,HARDWARE,Storage,0,,본관 3층 전산실,,SAN OS v1.2,SN-STG-222,인프라운영팀,USR_005,OPERATIONAL,2026-01-15 9:00,
CFG_DEV_023,스토리지 스토어 인덱스 자산 23,,HARDWARE,Storage,0,,본관 3층 전산실,,SAN OS v1.2,SN-STG-223,인프라운영팀,USR_005,OPERATIONAL,2026-01-15 9:00,
CFG_DEV_024,스토리지 스토어 인덱스 자산 24,,HARDWARE,Storage,0,,본관 3층 전산실,,SAN OS v1.2,SN-STG-224,인프라운영팀,USR_005,OPERATIONAL,2026-01-15 9:00,
CFG_DEV_025,스토리지 스토어 인덱스 자산 25,,HARDWARE,Storage,0,,본관 3층 전산실,,SAN OS v1.2,SN-STG-225,인프라운영팀,USR_005,OPERATIONAL,2026-01-15 9:00,
CFG_DEV_026,스토리지 스토어 인덱스 자산 26,,HARDWARE,Storage,0,,본관 3층 전산실,,SAN OS v1.2,SN-STG-226,인프라운영팀,USR_005,OPERATIONAL,2026-01-15 9:00,
CFG_DEV_027,스토리지 스토어 인덱스 자산 27,,HARDWARE,Storage,0,,본관 3층 전산실,,SAN OS v1.2,SN-STG-227,인프라운영팀,USR_005,OPERATIONAL,2026-01-15 9:00,
CFG_DEV_028,스토리지 스토어 인덱스 자산 28,,HARDWARE,Storage,0,,본관 3층 전산실,,SAN OS v1.2,SN-STG-228,인프라운영팀,USR_005,OPERATIONAL,2026-01-15 9:00,
CFG_DEV_029,스토리지 스토어 인덱스 자산 29,,HARDWARE,Storage,0,,본관 3층 전산실,,SAN OS v1.2,SN-STG-229,인프라운영팀,USR_005,OPERATIONAL,2026-01-15 9:00,
CFG_DEV_030,스토리지 스토어 인덱스 자산 30,,HARDWARE,Storage,0,,본관 3층 전산실,,SAN OS v1.2,SN-STG-230,인프라운영팀,USR_005,OPERATIONAL,2026-01-15 9:00,
CFG_DEV_031,스토리지 스토어 인덱스 자산 31,,HARDWARE,Storage,0,,본관 3층 전산실,,SAN OS v1.2,SN-STG-231,인프라운영팀,USR_005,OPERATIONAL,2026-01-15 9:00,
CFG_DEV_032,스토리지 스토어 인덱스 자산 32,,HARDWARE,Storage,0,,본관 3층 전산실,,SAN OS v1.2,SN-STG-232,인프라운영팀,USR_005,OPERATIONAL,2026-01-15 9:00,
CFG_DEV_033,스토리지 스토어 인덱스 자산 33,,HARDWARE,Storage,0,,본관 3층 전산실,,SAN OS v1.2,SN-STG-233,인프라운영팀,USR_005,OPERATIONAL,2026-01-15 9:00,
CFG_DEV_034,스토리지 스토어 인덱스 자산 34,,HARDWARE,Storage,0,,본관 3층 전산실,,SAN OS v1.2,SN-STG-234,인프라운영팀,USR_005,OPERATIONAL,2026-01-15 9:00,
CFG_DEV_035,스토리지 스토어 인덱스 자산 35,,HARDWARE,Storage,0,,본관 3층 전산실,,SAN OS v1.2,SN-STG-235,인프라운영팀,USR_005,OPERATIONAL,2026-01-15 9:00,
CFG_DEV_036,스토리지 스토어 인덱스 자산 36,,HARDWARE,Storage,0,,본관 3층 전산실,,SAN OS v1.2,SN-STG-236,인프라운영팀,USR_005,OPERATIONAL,2026-01-15 9:00,
CFG_DEV_037,스토리지 스토어 인덱스 자산 37,,HARDWARE,Storage,0,,본관 3층 전산실,,SAN OS v1.2,SN-STG-237,인프라운영팀,USR_005,OPERATIONAL,2026-01-15 9:00,
CFG_DEV_038,스토리지 스토어 인덱스 자산 38,,HARDWARE,Storage,0,,본관 3층 전산실,,SAN OS v1.2,SN-STG-238,인프라운영팀,USR_005,OPERATIONAL,2026-01-15 9:00,
CFG_DEV_039,스토리지 스토어 인덱스 자산 39,,HARDWARE,Storage,0,,본관 3층 전산실,,SAN OS v1.2,SN-STG-239,인프라운영팀,USR_005,OPERATIONAL,2026-01-15 9:00,
CFG_DEV_040,스토리지 스토어 인덱스 자산 40,,HARDWARE,Storage,0,,본관 3층 전산실,,SAN OS v1.2,SN-STG-240,인프라운영팀,USR_005,OPERATIONAL,2026-01-15 9:00,
CFG_DEV_041,스토리지 스토어 인덱스 자산 41,,HARDWARE,Storage,0,,본관 3층 전산실,,SAN OS v1.2,SN-STG-241,인프라운영팀,USR_005,OPERATIONAL,2026-01-15 9:00,
CFG_DEV_042,스토리지 스토어 인덱스 자산 42,,HARDWARE,Storage,0,,본관 3층 전산실,,SAN OS v1.2,SN-STG-242,인프라운영팀,USR_005,OPERATIONAL,2026-01-15 9:00,
CFG_DEV_043,스토리지 스토어 인덱스 자산 43,,HARDWARE,Storage,0,,본관 3층 전산실,,SAN OS v1.2,SN-STG-243,인프라운영팀,USR_005,OPERATIONAL,2026-01-15 9:00,
CFG_DEV_044,스토리지 스토어 인덱스 자산 44,,HARDWARE,Storage,0,,본관 3층 전산실,,SAN OS v1.2,SN-STG-244,인프라운영팀,USR_005,OPERATIONAL,2026-01-15 9:00,
CFG_DEV_045,스토리지 스토어 인덱스 자산 45,,HARDWARE,Storage,0,,본관 3층 전산실,,SAN OS v1.2,SN-STG-245,인프라운영팀,USR_005,OPERATIONAL,2026-01-15 9:00,
CFG_DEV_046,스토리지 스토어 인덱스 자산 46,,HARDWARE,Storage,0,,본관 3층 전산실,,SAN OS v1.2,SN-STG-246,인프라운영팀,USR_005,OPERATIONAL,2026-01-15 9:00,
CFG_DEV_047,스토리지 스토어 인덱스 자산 47,,HARDWARE,Storage,0,,본관 3층 전산실,,SAN OS v1.2,SN-STG-247,인프라운영팀,USR_005,OPERATIONAL,2026-01-15 9:00,
CFG_DEV_048,스토리지 스토어 인덱스 자산 48,,HARDWARE,Storage,0,,본관 3층 전산실,,SAN OS v1.2,SN-STG-248,인프라운영팀,USR_005,OPERATIONAL,2026-01-15 9:00,
CFG_DEV_049,스토리지 스토어 인덱스 자산 49,,HARDWARE,Storage,0,,본관 3층 전산실,,SAN OS v1.2,SN-STG-249,인프라운영팀,USR_005,OPERATIONAL,2026-01-15 9:00,
CFG_DEV_050,스토리지 스토어 인덱스 자산 50,,HARDWARE,Storage,0,,본관 3층 전산실,,SAN OS v1.2,SN-STG-250,인프라운영팀,USR_005,OPERATIONAL,2026-01-15 9:00,
CFG_DEV_051,스토리지 스토어 인덱스 자산 51,,HARDWARE,Storage,0,,본관 3층 전산실,,SAN OS v1.2,SN-STG-251,인프라운영팀,USR_005,OPERATIONAL,2026-01-15 9:00,
CFG_DEV_052,스토리지 스토어 인덱스 자산 52,,HARDWARE,Storage,0,,본관 3층 전산실,,SAN OS v1.2,SN-STG-252,인프라운영팀,USR_005,OPERATIONAL,2026-01-15 9:00,
CFG_DEV_053,스토리지 스토어 인덱스 자산 53,,HARDWARE,Storage,0,,본관 3층 전산실,,SAN OS v1.2,SN-STG-253,인프라운영팀,USR_005,OPERATIONAL,2026-01-15 9:00,
CFG_DEV_054,스토리지 스토어 인덱스 자산 54,,HARDWARE,Storage,0,,본관 3층 전산실,,SAN OS v1.2,SN-STG-254,인프라운영팀,USR_005,OPERATIONAL,2026-01-15 9:00,
CFG_DEV_055,스토리지 스토어 인덱스 자산 55,,HARDWARE,Storage,0,,본관 3층 전산실,,SAN OS v1.2,SN-STG-255,인프라운영팀,USR_005,OPERATIONAL,2026-01-15 9:00,
CFG_DEV_056,스토리지 스토어 인덱스 자산 56,,HARDWARE,Storage,0,,본관 3층 전산실,,SAN OS v1.2,SN-STG-256,인프라운영팀,USR_005,OPERATIONAL,2026-01-15 9:00,
CFG_DEV_057,스토리지 스토어 인덱스 자산 57,,HARDWARE,Storage,0,,본관 3층 전산실,,SAN OS v1.2,SN-STG-257,인프라운영팀,USR_005,OPERATIONAL,2026-01-15 9:00,
CFG_DEV_058,스토리지 스토어 인덱스 자산 58,,HARDWARE,Storage,0,,본관 3층 전산실,,SAN OS v1.2,SN-STG-258,인프라운영팀,USR_005,OPERATIONAL,2026-01-15 9:00,
CFG_DEV_059,스토리지 스토어 인덱스 자산 59,,HARDWARE,Storage,0,,본관 3층 전산실,,SAN OS v1.2,SN-STG-259,인프라운영팀,USR_005,OPERATIONAL,2026-01-15 9:00,
CFG_DEV_060,스토리지 스토어 인덱스 자산 60,,HARDWARE,Storage,0,,본관 3층 전산실,,SAN OS v1.2,SN-STG-260,인프라운영팀,USR_005,OPERATIONAL,2026-01-15 9:00,
CFG_DEV_061,스토리지 스토어 인덱스 자산 61,,HARDWARE,Storage,0,,본관 3층 전산실,,SAN OS v1.2,SN-STG-261,인프라운영팀,USR_005,OPERATIONAL,2026-01-15 9:00,
CFG_DEV_062,스토리지 스토어 인덱스 자산 62,,HARDWARE,Storage,0,,본관 3층 전산실,,SAN OS v1.2,SN-STG-262,인프라운영팀,USR_005,OPERATIONAL,2026-01-15 9:00,
CFG_DEV_063,스토리지 스토어 인덱스 자산 63,,HARDWARE,Storage,0,,본관 3층 전산실,,SAN OS v1.2,SN-STG-263,인프라운영팀,USR_005,OPERATIONAL,2026-01-15 9:00,
CFG_DEV_064,스토리지 스토어 인덱스 자산 64,,HARDWARE,Storage,0,,본관 3층 전산실,,SAN OS v1.2,SN-STG-264,인프라운영팀,USR_005,OPERATIONAL,2026-01-15 9:00,
CFG_DEV_065,스토리지 스토어 인덱스 자산 65,,HARDWARE,Storage,0,,본관 3층 전산실,,SAN OS v1.2,SN-STG-265,인프라운영팀,USR_005,OPERATIONAL,2026-01-15 9:00,
CFG_DEV_066,스토리지 스토어 인덱스 자산 66,,HARDWARE,Storage,0,,본관 3층 전산실,,SAN OS v1.2,SN-STG-266,인프라운영팀,USR_005,OPERATIONAL,2026-01-15 9:00,
CFG_DEV_067,스토리지 스토어 인덱스 자산 67,,HARDWARE,Storage,0,,본관 3층 전산실,,SAN OS v1.2,SN-STG-267,인프라운영팀,USR_005,OPERATIONAL,2026-01-15 9:00,
CFG_DEV_068,스토리지 스토어 인덱스 자산 68,,HARDWARE,Storage,0,,본관 3층 전산실,,SAN OS v1.2,SN-STG-268,인프라운영팀,USR_005,OPERATIONAL,2026-01-15 9:00,
CFG_DEV_069,스토리지 스토어 인덱스 자산 69,,HARDWARE,Storage,0,,본관 3층 전산실,,SAN OS v1.2,SN-STG-269,인프라운영팀,USR_005,OPERATIONAL,2026-01-15 9:00,
CFG_DEV_070,스토리지 스토어 인덱스 자산 70,,HARDWARE,Storage,0,,본관 3층 전산실,,SAN OS v1.2,SN-STG-270,인프라운영팀,USR_005,OPERATIONAL,2026-01-15 9:00,
CFG_DEV_071,스토리지 스토어 인덱스 자산 71,,HARDWARE,Storage,0,,본관 3층 전산실,,SAN OS v1.2,SN-STG-271,인프라운영팀,USR_005,OPERATIONAL,2026-01-15 9:00,
CFG_DEV_072,스토리지 스토어 인덱스 자산 72,,HARDWARE,Storage,0,,본관 3층 전산실,,SAN OS v1.2,SN-STG-272,인프라운영팀,USR_005,OPERATIONAL,2026-01-15 9:00,
CFG_DEV_073,스토리지 스토어 인덱스 자산 73,,HARDWARE,Storage,0,,본관 3층 전산실,,SAN OS v1.2,SN-STG-273,인프라운영팀,USR_005,OPERATIONAL,2026-01-15 9:00,
CFG_DEV_074,스토리지 스토어 인덱스 자산 74,,HARDWARE,Storage,0,,본관 3층 전산실,,SAN OS v1.2,SN-STG-274,인프라운영팀,USR_005,OPERATIONAL,2026-01-15 9:00,
CFG_DEV_075,스토리지 스토어 인덱스 자산 75,,HARDWARE,Storage,0,,본관 3층 전산실,,SAN OS v1.2,SN-STG-275,인프라운영팀,USR_005,OPERATIONAL,2026-01-15 9:00,
CFG_DEV_076,스토리지 스토어 인덱스 자산 76,,HARDWARE,Storage,0,,본관 3층 전산실,,SAN OS v1.2,SN-STG-276,인프라운영팀,USR_005,OPERATIONAL,2026-01-15 9:00,
CFG_DEV_077,스토리지 스토어 인덱스 자산 77,,HARDWARE,Storage,0,,본관 3층 전산실,,SAN OS v1.2,SN-STG-277,인프라운영팀,USR_005,OPERATIONAL,2026-01-15 9:00,
CFG_DEV_078,스토리지 스토어 인덱스 자산 78,,HARDWARE,Storage,0,,본관 3층 전산실,,SAN OS v1.2,SN-STG-278,인프라운영팀,USR_005,OPERATIONAL,2026-01-15 9:00,
CFG_DEV_079,스토리지 스토어 인덱스 자산 79,,HARDWARE,Storage,0,,본관 3층 전산실,,SAN OS v1.2,SN-STG-279,인프라운영팀,USR_005,OPERATIONAL,2026-01-15 9:00,
CFG_DEV_080,스토리지 스토어 인덱스 자산 80,,HARDWARE,Storage,0,,본관 3층 전산실,,SAN OS v1.2,SN-STG-280,인프라운영팀,USR_005,OPERATIONAL,2026-01-15 9:00,
CFG_DEV_081,스토리지 스토어 인덱스 자산 81,,HARDWARE,Storage,0,,본관 3층 전산실,,SAN OS v1.2,SN-STG-281,인프라운영팀,USR_005,OPERATIONAL,2026-01-15 9:00,
CFG_DEV_082,스토리지 스토어 인덱스 자산 82,,HARDWARE,Storage,0,,본관 3층 전산실,,SAN OS v1.2,SN-STG-282,인프라운영팀,USR_005,OPERATIONAL,2026-01-15 9:00,
CFG_DEV_083,스토리지 스토어 인덱스 자산 83,,HARDWARE,Storage,0,,본관 3층 전산실,,SAN OS v1.2,SN-STG-283,인프라운영팀,USR_005,OPERATIONAL,2026-01-15 9:00,
CFG_DEV_084,스토리지 스토어 인덱스 자산 84,,HARDWARE,Storage,0,,본관 3층 전산실,,SAN OS v1.2,SN-STG-284,인프라운영팀,USR_005,OPERATIONAL,2026-01-15 9:00,
CFG_DEV_085,스토리지 스토어 인덱스 자산 85,,HARDWARE,Storage,0,,본관 3층 전산실,,SAN OS v1.2,SN-STG-285,인프라운영팀,USR_005,OPERATIONAL,2026-01-15 9:00,
CFG_DEV_086,스토리지 스토어 인덱스 자산 86,,HARDWARE,Storage,0,,본관 3층 전산실,,SAN OS v1.2,SN-STG-286,인프라운영팀,USR_005,OPERATIONAL,2026-01-15 9:00,
CFG_DEV_087,스토리지 스토어 인덱스 자산 87,,HARDWARE,Storage,0,,본관 3층 전산실,,SAN OS v1.2,SN-STG-287,인프라운영팀,USR_005,OPERATIONAL,2026-01-15 9:00,
CFG_DEV_088,스토리지 스토어 인덱스 자산 88,,HARDWARE,Storage,0,,본관 3층 전산실,,SAN OS v1.2,SN-STG-288,인프라운영팀,USR_005,OPERATIONAL,2026-01-15 9:00,
CFG_DEV_089,스토리지 스토어 인덱스 자산 89,,HARDWARE,Storage,0,,본관 3층 전산실,,SAN OS v1.2,SN-STG-289,인프라운영팀,USR_005,OPERATIONAL,2026-01-15 9:00,
CFG_DEV_090,스토리지 스토어 인덱스 자산 90,,HARDWARE,Storage,0,,본관 3층 전산실,,SAN OS v1.2,SN-STG-290,인프라운영팀,USR_005,OPERATIONAL,2026-01-15 9:00,
CFG_DEV_091,스토리지 스토어 인덱스 자산 91,,HARDWARE,Storage,0,,본관 3층 전산실,,SAN OS v1.2,SN-STG-291,인프라운영팀,USR_005,OPERATIONAL,2026-01-15 9:00,
CFG_DEV_092,스토리지 스토어 인덱스 자산 92,,HARDWARE,Storage,0,,본관 3층 전산실,,SAN OS v1.2,SN-STG-292,인프라운영팀,USR_005,OPERATIONAL,2026-01-15 9:00,
CFG_DEV_093,스토리지 스토어 인덱스 자산 93,,HARDWARE,Storage,0,,본관 3층 전산실,,SAN OS v1.2,SN-STG-293,인프라운영팀,USR_005,OPERATIONAL,2026-01-15 9:00,
CFG_DEV_094,스토리지 스토어 인덱스 자산 94,,HARDWARE,Storage,0,,본관 3층 전산실,,SAN OS v1.2,SN-STG-294,인프라운영팀,USR_005,OPERATIONAL,2026-01-15 9:00,
CFG_DEV_095,스토리지 스토어 인덱스 자산 95,,HARDWARE,Storage,0,,본관 3층 전산실,,SAN OS v1.2,SN-STG-295,인프라운영팀,USR_005,OPERATIONAL,2026-01-15 9:00,
CFG_DEV_096,스토리지 스토어 인덱스 자산 96,,HARDWARE,Storage,0,,본관 3층 전산실,,SAN OS v1.2,SN-STG-296,인프라운영팀,USR_005,OPERATIONAL,2026-01-15 9:00,
CFG_DEV_097,스토리지 스토어 인덱스 자산 97,,HARDWARE,Storage,0,,본관 3층 전산실,,SAN OS v1.2,SN-STG-297,인프라운영팀,USR_005,OPERATIONAL,2026-01-15 9:00,
CFG_DEV_098,스토리지 스토어 인덱스 자산 98,,HARDWARE,Storage,0,,본관 3층 전산실,,SAN OS v1.2,SN-STG-298,인프라운영팀,USR_005,OPERATIONAL,2026-01-15 9:00,
CFG_DEV_099,스토리지 스토어 인덱스 자산 99,,HARDWARE,Storage,0,,본관 3층 전산실,,SAN OS v1.2,SN-STG-299,인프라운영팀,USR_005,OPERATIONAL,2026-01-15 9:00,
CFG_DEV_100,스토리지 스토어 인덱스 자산 100,,HARDWARE,Storage,0,,본관 3층 전산실,,SAN OS v1.2,SN-STG-300,인프라운영팀,USR_005,OPERATIONAL,2026-01-15 9:00,
CFG_DEV_101,스토리지 스토어 인덱스 자산 101,,HARDWARE,Storage,0,,본관 3층 전산실,,SAN OS v1.2,SN-STG-301,인프라운영팀,USR_005,OPERATIONAL,2026-01-15 9:00,
CFG_DEV_102,스토리지 스토어 인덱스 자산 102,,HARDWARE,Storage,0,,본관 3층 전산실,,SAN OS v1.2,SN-STG-302,인프라운영팀,USR_005,OPERATIONAL,2026-01-15 9:00,
CFG_DEV_103,스토리지 스토어 인덱스 자산 103,,HARDWARE,Storage,0,,본관 3층 전산실,,SAN OS v1.2,SN-STG-303,인프라운영팀,USR_005,OPERATIONAL,2026-01-15 9:00,
CFG_DEV_104,스토리지 스토어 인덱스 자산 104,,HARDWARE,Storage,0,,본관 3층 전산실,,SAN OS v1.2,SN-STG-304,인프라운영팀,USR_005,OPERATIONAL,2026-01-15 9:00,
CFG_DEV_105,스토리지 스토어 인덱스 자산 105,,HARDWARE,Storage,0,,본관 3층 전산실,,SAN OS v1.2,SN-STG-305,인프라운영팀,USR_005,OPERATIONAL,2026-01-15 9:00,
CFG_DEV_106,스토리지 스토어 인덱스 자산 106,,HARDWARE,Storage,0,,본관 3층 전산실,,SAN OS v1.2,SN-STG-306,인프라운영팀,USR_005,OPERATIONAL,2026-01-15 9:00,
CFG_DEV_107,스토리지 스토어 인덱스 자산 107,,HARDWARE,Storage,0,,본관 3층 전산실,,SAN OS v1.2,SN-STG-307,인프라운영팀,USR_005,OPERATIONAL,2026-01-15 9:00,
CFG_DEV_108,스토리지 스토어 인덱스 자산 108,,HARDWARE,Storage,0,,본관 3층 전산실,,SAN OS v1.2,SN-STG-308,인프라운영팀,USR_005,OPERATIONAL,2026-01-15 9:00,
CFG_DEV_109,스토리지 스토어 인덱스 자산 109,,HARDWARE,Storage,0,,본관 3층 전산실,,SAN OS v1.2,SN-STG-309,인프라운영팀,USR_005,OPERATIONAL,2026-01-15 9:00,
CFG_DEV_110,스토리지 스토어 인덱스 자산 110,,HARDWARE,Storage,0,,본관 3층 전산실,,SAN OS v1.2,SN-STG-310,인프라운영팀,USR_005,OPERATIONAL,2026-01-15 9:00,
CFG_DEV_111,스토리지 스토어 인덱스 자산 111,,HARDWARE,Storage,0,,본관 3층 전산실,,SAN OS v1.2,SN-STG-311,인프라운영팀,USR_005,OPERATIONAL,2026-01-15 9:00,
CFG_DEV_112,스토리지 스토어 인덱스 자산 112,,HARDWARE,Storage,0,,본관 3층 전산실,,SAN OS v1.2,SN-STG-312,인프라운영팀,USR_005,OPERATIONAL,2026-01-15 9:00,
CFG_DEV_113,스토리지 스토어 인덱스 자산 113,,HARDWARE,Storage,0,,본관 3층 전산실,,SAN OS v1.2,SN-STG-313,인프라운영팀,USR_005,OPERATIONAL,2026-01-15 9:00,
CFG_DEV_114,스토리지 스토어 인덱스 자산 114,,HARDWARE,Storage,0,,본관 3층 전산실,,SAN OS v1.2,SN-STG-314,인프라운영팀,USR_005,OPERATIONAL,2026-01-15 9:00,
CFG_DEV_115,스토리지 스토어 인덱스 자산 115,,HARDWARE,Storage,0,,본관 3층 전산실,,SAN OS v1.2,SN-STG-315,인프라운영팀,USR_005,OPERATIONAL,2026-01-15 9:00,
CFG_SRV_011,AI 개발 테스트 서버 01,ai-tst-srv01,HARDWARE,Server,0,,본관 3층 전산실,10.140.40.11,Ubuntu 24.04 LTS,SN-SRV-99822,인프라운영팀,USR_009,OPERATIONAL,2026-01-15 9:00,
CFG_SRV_012,AI 개발 테스트 서버 02,ai-tst-srv02,HARDWARE,Server,0,,본관 3층 전산실,10.140.40.12,Ubuntu 24.04 LTS,SN-SRV-99823,인프라운영팀,USR_009,OPERATIONAL,2026-01-15 9:00,
CFG_SRV_018,통합 로그 수집 서버,ai-log-srv01,HARDWARE,Server,0,,본관 3층 전산실,10.140.20.61,Ubuntu 22.04 LTS,SN-SRV-99829,인프라운영팀,USR_010,OPERATIONAL,2026-01-15 9:00,
CFG_WEB_002,공단소개 > 인사말,,WEB_PAGE,L2_PAGE,2,CFG_WEB_001,/intro/greeting,,전자정부프레임워크 v4.1,,AI융합사업팀,USR_011,OPERATIONAL,2026-02-01 10:00,
CFG_WEB_001,공단소개 (메인),,WEB_PAGE,L1_PAGE,1,,/intro,,전자정부프레임워크 v4.1,,AI융합사업팀,USR_011,OPERATIONAL,2026-02-01 10:00,
CFG_WEB_003,공단소개 > 조직도,,WEB_PAGE,L2_PAGE,2,CFG_WEB_001,/intro/organization,,전자정부프레임워크 v4.1,,AI융합사업팀,USR_012,OPERATIONAL,2026-02-01 10:00,
CFG_WEB_004,공단소개 > 오시는길,,WEB_PAGE,L2_PAGE,2,CFG_WEB_001,/intro/location,,전자정부프레임워크 v4.1,,AI융합사업팀,USR_012,OPERATIONAL,2026-02-01 10:00,
CFG_WEB_005,주요사업 (메인),,WEB_PAGE,L1_PAGE,1,,/business,,전자정부프레임워크 v4.1,,AI융합사업팀,USR_013,OPERATIONAL,2026-02-01 10:00,
CFG_WEB_006,주요사업 > AI바우처지원,,WEB_PAGE,L2_PAGE,2,CFG_WEB_005,/business/voucher,,전자정부프레임워크 v4.1,,AI융합사업팀,USR_013,OPERATIONAL,2026-02-01 10:00,
CFG_WEB_007,주요사업 > AI바우처지원 > 사업공고,,WEB_PAGE,L3_PAGE,3,CFG_WEB_006,/business/voucher/notice,,전자정부프레임워크 v4.1,,AI융합사업팀,USR_013,OPERATIONAL,2026-02-01 10:00,CHG_20260512_003
CFG_WEB_008,주요사업 > AI바우처지원 > 접수시스템,,WEB_PAGE,L3_PAGE,3,CFG_WEB_006,/business/voucher/apply,,전자정부프레임워크 v4.1,,AI융합사업팀,USR_014,OPERATIONAL,2026-02-01 10:00,CHG_20260512_003
CFG_WEB_010,주요사업 > AI인재양성 > 교육일정,,WEB_PAGE,L3_PAGE,3,CFG_WEB_009,/business/edu/schedule,,전자정부프레임워크 v4.1,,AI융합사업팀,USR_015,OPERATIONAL,2026-02-01 10:00,
CFG_WEB_009,주요사업 > AI인재양성,,WEB_PAGE,L2_PAGE,2,CFG_WEB_005,/business/edu,,전자정부프레임워크 v4.1,,AI융합사업팀,USR_015,OPERATIONAL,2026-02-01 10:00,
CFG_WEB_011,주요사업 > AI인재양성 > 온라인신청,,WEB_PAGE,L3_PAGE,3,CFG_WEB_009,/business/edu/regist,,전자정부프레임워크 v4.1,,AI융합사업팀,USR_016,OPERATIONAL,2026-02-01 10:00,
CFG_WEB_014,알림마당 > 공지사항 > 일반공지,,WEB_PAGE,L3_PAGE,3,CFG_WEB_013,/notice/general/list,,전자정부프레임워크 v4.1,,경영지원팀,USR_021,OPERATIONAL,2026-02-01 10:00,
CFG_WEB_013,알림마당 > 공지사항,,WEB_PAGE,L2_PAGE,2,CFG_WEB_012,/notice/general,,전자정부프레임워크 v4.1,,경영지원팀,USR_021,OPERATIONAL,2026-02-01 10:00,
CFG_WEB_012,알림마당 (메인),,WEB_PAGE,L1_PAGE,1,,/notice,,전자정부프레임워크 v4.1,,경영지원팀,USR_021,OPERATIONAL,2026-02-01 10:00,
CFG_WEB_015,알림마당 > 공지사항 > 입찰공고,,WEB_PAGE,L3_PAGE,3,CFG_WEB_013,/notice/general/bid,,전자정부프레임워크 v4.1,,경영지원팀,USR_022,OPERATIONAL,2026-02-01 10:00,
CFG_WEB_017,알림마당 > 보도자료 > 상세조회,,WEB_PAGE,L3_PAGE,3,CFG_WEB_016,/notice/press/detail,,전자정부프레임워크 v4.1,,경영지원팀,USR_023,OPERATIONAL,2026-02-01 10:00,
CFG_WEB_016,알림마당 > 보도자료,,WEB_PAGE,L2_PAGE,2,CFG_WEB_012,/notice/press,,전자정부프레임워크 v4.1,,경영지원팀,USR_023,OPERATIONAL,2026-02-01 10:00,
CFG_WEB_018,알림마당 > 보도자료 > 등록폼,,WEB_PAGE,L3_PAGE,3,CFG_WEB_016,/notice/press/write,,전자정부프레임워크 v4.1,,경영지원팀,USR_023,OPERATIONAL,2026-02-01 10:00,CHG_20260601_005
CFG_USR_008,정보화기획팀 주임 박서준,,HUMAN,Staff,0,,본관 4층 정보화기획팀,,,,정보화기획팀,USR_001,OPERATIONAL,2026-01-01 9:00,
CFG_USR_001,정보화기획팀 팀장 홍길동,,HUMAN,Staff,0,,본관 4층 정보화기획팀,,,,경영지원팀,USR_001,OPERATIONAL,2026-01-01 9:00,
CFG_USR_007,정보화기획팀 선임 이지은,,HUMAN,Staff,0,,본관 4층 정보화기획팀,,,,정보화기획팀,USR_001,OPERATIONAL,2026-01-01 9:00,
CFG_USR_003,인프라운영팀 수석 박영희,,HUMAN,Staff,0,,본관 3층 전산조정실,,,,인프라운영팀,USR_002,OPERATIONAL,2026-01-01 9:00,
CFG_USR_004,인프라운영팀 책임 이민수,,HUMAN,Staff,0,,본관 3층 전산조정실,,,,인프라운영팀,USR_002,OPERATIONAL,2026-01-01 9:00,
CFG_USR_009,인프라운영팀 선임 최영민,,HUMAN,Staff,0,,본관 3층 전산조정실,,,,인프라운영팀,USR_002,OPERATIONAL,2026-01-01 9:00,
CFG_USR_002,인프라운영팀 팀장 김철수,,HUMAN,Staff,0,,본관 3층 전산조정실,,,,경영지원팀,USR_002,OPERATIONAL,2026-01-01 9:00,
CFG_USR_005,인프라운영팀 선임 최데이,,HUMAN,Staff,0,,본관 3층 전산조정실,,,,인프라운영팀,USR_002,OPERATIONAL,2026-01-01 9:00,
CFG_USR_010,인프라운영팀 주임 정수진,,HUMAN,Staff,0,,본관 3층 전산조정실,,,,인프라운영팀,USR_002,OPERATIONAL,2026-01-01 9:00,
CFG_SRV_002,대표홈페이지 WEB 서버 02,ai-web-srv02,HARDWARE,Server,0,,본관 3층 전산실,10.140.10.12,CentOS Stream 9,SN-SRV-99813,인프라운영팀,USR_003,OPERATIONAL,2026-01-15 9:00,CHG_20260302_001
CFG_SRV_001,대표홈페이지 WEB 서버 01,ai-web-srv01,HARDWARE,Server,0,,본관 3층 전산실,10.140.10.11,CentOS Stream 9,SN-SRV-99812,인프라운영팀,USR_003,OPERATIONAL,2026-01-15 9:00,CHG_20260302_001
CFG_NET_005,DMZ 구간 L3 스위치 01,ai-dmzl3-01,NETWORK,Switch,0,,본관 3층 전산실,10.140.5.1,Cisco IOS-XE,SN-NET-11225,인프라운영팀,USR_003,OPERATIONAL,2026-01-15 9:00,
CFG_NET_002,센터 백본 스위치,ai-bb-01,NETWORK,Switch,0,,본관 3층 전산실,10.140.1.2,Cisco IOS-XE,SN-NET-11222,인프라운영팀,USR_003,OPERATIONAL,2026-01-15 9:00,
CFG_NET_006,DMZ 구간 L3 스위치 02,ai-dmzl3-02,NETWORK,Switch,0,,본관 3층 전산실,10.140.5.2,Cisco IOS-XE,SN-NET-11226,인프라운영팀,USR_003,OPERATIONAL,2026-01-15 9:00,
CFG_NET_007,내부망 방화벽,ai-infw-01,NETWORK,Switch,0,,본관 3층 전산실,10.140.1.3,FortiOS v7.4,SN-NET-11227,인프라운영팀,USR_003,OPERATIONAL,2026-01-15 9:00,
CFG_NET_010,SSL-VPN 게이트웨이 장비,ai-vpn-01,NETWORK,Switch,0,,본관 3층 전산실,10.140.1.10,FortiOS v7.4,SN-NET-11230,인프라운영팀,USR_003,OPERATIONAL,2026-01-15 9:00,
CFG_NET_001,메인 대외 방화벽,ai-fw-01,NETWORK,Switch,0,,본관 3층 전산실,10.140.1.1,FortiOS v7.4,SN-NET-11221,인프라운영팀,USR_003,OPERATIONAL,2026-01-15 9:00,
CFG_SRV_008,내부 공유 파일 서버,ai-nas-srv01,HARDWARE,Server,0,,본관 3층 전산실,10.140.30.15,Ubuntu 22.04 LTS,SN-SRV-99819,인프라운영팀,USR_003,OPERATIONAL,2026-01-15 9:00,
CFG_TER_037,가상화 VM 임직원 전용 자산 인덱스 02,vdi-win-002,HARDWARE,VM,0,CFG_TER_034,VDI 클러스터 A,,Windows 11 Ent,SN-VM-50102,인프라운영팀,USR_003,OPERATIONAL,2026-01-15 9:00,
CFG_TER_044,가상화 VM 임직원 전용 자산 인덱스 09,vdi-win-009,HARDWARE,VM,0,CFG_TER_034,VDI 클러스터 A,,Windows 11 Ent,SN-VM-50109,인프라운영팀,USR_003,OPERATIONAL,2026-01-15 9:00,
CFG_TER_039,가상화 VM 임직원 전용 자산 인덱스 04,vdi-win-004,HARDWARE,VM,0,CFG_TER_034,VDI 클러스터 A,,Windows 11 Ent,SN-VM-50104,인프라운영팀,USR_003,OPERATIONAL,2026-01-15 9:00,
CFG_TER_043,가상화 VM 임직원 전용 자산 인덱스 08,vdi-win-008,HARDWARE,VM,0,CFG_TER_034,VDI 클러스터 A,,Windows 11 Ent,SN-VM-50108,인프라운영팀,USR_003,OPERATIONAL,2026-01-15 9:00,
CFG_TER_045,가상화 VM 임직원 전용 자산 인덱스 10,vdi-win-010,HARDWARE,VM,0,CFG_TER_034,VDI 클러스터 A,,Windows 11 Ent,SN-VM-50110,인프라운영팀,USR_003,OPERATIONAL,2026-01-15 9:00,
CFG_TER_036,가상화 VM 임직원 전용 자산 인덱스 01,vdi-win-001,HARDWARE,VM,0,CFG_TER_034,VDI 클러스터 A,,Windows 11 Ent,SN-VM-50101,인프라운영팀,USR_003,OPERATIONAL,2026-01-15 9:00,
CFG_TER_042,가상화 VM 임직원 전용 자산 인덱스 07,vdi-win-007,HARDWARE,VM,0,CFG_TER_034,VDI 클러스터 A,,Windows 11 Ent,SN-VM-50107,인프라운영팀,USR_003,OPERATIONAL,2026-01-15 9:00,
CFG_TER_038,가상화 VM 임직원 전용 자산 인덱스 03,vdi-win-003,HARDWARE,VM,0,CFG_TER_034,VDI 클러스터 A,,Windows 11 Ent,SN-VM-50103,인프라운영팀,USR_003,OPERATIONAL,2026-01-15 9:00,
CFG_TER_040,가상화 VM 임직원 전용 자산 인덱스 05,vdi-win-005,HARDWARE,VM,0,CFG_TER_034,VDI 클러스터 A,,Windows 11 Ent,SN-VM-50105,인프라운영팀,USR_003,OPERATIONAL,2026-01-15 9:00,
CFG_TER_041,가상화 VM 임직원 전용 자산 인덱스 06,vdi-win-006,HARDWARE,VM,0,CFG_TER_034,VDI 클러스터 A,,Windows 11 Ent,SN-VM-50106,인프라운영팀,USR_003,OPERATIONAL,2026-01-15 9:00,
CFG_TER_016,임직원 PC _ 정보화기획팀 이지은,,HARDWARE,PC,0,,본관 4층 정보화기획팀,,Windows 11 Pro,SN-TER-50016,인프라운영팀,USR_003,OPERATIONAL,2026-01-15 9:00,
CFG_TER_029,임직원 PC _ 혁신성장팀 전나래,,HARDWARE,PC,0,,본관 2층 혁신본부,,Windows 11 Pro,SN-TER-50029,인프라운영팀,USR_003,OPERATIONAL,2026-01-15 9:00,
CFG_TER_010,임직원 PC _ AI융합사업팀 정대만,,HARDWARE,PC,0,,본관 4층 사업기획실,,Windows 11 Pro,SN-TER-50010,인프라운영팀,USR_003,OPERATIONAL,2026-01-15 9:00,
CFG_TER_017,임직원 PC _ 정보화기획팀 박서준,,HARDWARE,PC,0,,본관 4층 정보화기획팀,,Windows 11 Pro,SN-TER-50017,인프라운영팀,USR_003,OPERATIONAL,2026-01-15 9:00,
CFG_TER_026,임직원 PC _ 경영지원팀 김아름,,HARDWARE,PC,0,,본관 2층 경영지원실,,Windows 11 Pro,SN-TER-50026,인프라운영팀,USR_003,OPERATIONAL,2026-01-15 9:00,
CFG_TER_004,임직원 PC _ 인프라운영팀 이민수,,HARDWARE,PC,0,,본관 3층 전산조정실,,Windows 11 Pro,SN-TER-50004,인프라운영팀,USR_003,OPERATIONAL,2026-01-15 9:00,
CFG_TER_003,임직원 PC _ 인프라운영팀 박영희,,HARDWARE,PC,0,,본관 3층 전산조정실,,Windows 11 Pro,SN-TER-50003,인프라운영팀,USR_003,OPERATIONAL,2026-01-15 9:00,
CFG_TER_008,임직원 PC _ AI융합사업팀 서태웅,,HARDWARE,PC,0,,본관 4층 사업기획실,,Windows 11 Pro,SN-TER-50008,인프라운영팀,USR_003,OPERATIONAL,2026-01-15 9:00,
CFG_TER_023,임직원 PC _ AI융합사업팀 강민재,,HARDWARE,PC,0,,본관 4층 사업기획실,,Windows 11 Pro,SN-TER-50023,인프라운영팀,USR_003,OPERATIONAL,2026-01-15 9:00,
CFG_TER_002,임직원 PC _ 인프라운영팀 김철수,,HARDWARE,PC,0,,본관 3층 전산조정실,,Windows 11 Pro,SN-TER-50002,인프라운영팀,USR_003,OPERATIONAL,2026-01-15 9:00,
CFG_TER_022,임직원 PC _ AI융합사업팀 한지민,,HARDWARE,PC,0,,본관 4층 사업기획실,,Windows 11 Pro,SN-TER-50022,인프라운영팀,USR_003,OPERATIONAL,2026-01-15 9:00,
CFG_TER_020,임직원 PC _ AI융합사업팀 윤서아,,HARDWARE,PC,0,,본관 4층 사업기획실,,Windows 11 Pro,SN-TER-50020,인프라운영팀,USR_003,OPERATIONAL,2026-01-15 9:00,
CFG_TER_013,임직원 PC _ 경영지원팀 신현철,,HARDWARE,PC,0,,본관 2층 경영지원실,,Windows 11 Pro,SN-TER-50013,인프라운영팀,USR_003,OPERATIONAL,2026-01-15 9:00,
CFG_TER_006,임직원 PC _ AI융합사업팀 정재하,,HARDWARE,PC,0,,본관 4층 사업기획실,,Windows 11 Pro,SN-TER-50006,인프라운영팀,USR_003,OPERATIONAL,2026-01-15 9:00,
CFG_TER_024,임직원 PC _ 경영지원팀 최유리,,HARDWARE,PC,0,,본관 2층 경영지원실,,Windows 11 Pro,SN-TER-50024,인프라운영팀,USR_003,OPERATIONAL,2026-01-15 9:00,
CFG_TER_007,임직원 PC _ AI융합사업팀 강백호,,HARDWARE,PC,0,,본관 4층 사업기획실,,Windows 11 Pro,SN-TER-50007,인프라운영팀,USR_003,OPERATIONAL,2026-01-15 9:00,
CFG_TER_030,임직원 PC _ 혁신성장팀 백승우,,HARDWARE,PC,0,,본관 2층 혁신본부,,Windows 11 Pro,SN-TER-50030,인프라운영팀,USR_003,OPERATIONAL,2026-01-15 9:00,
CFG_TER_014,임직원 PC _ 경영지원팀 김낙수,,HARDWARE,PC,0,,본관 2층 경영지원실,,Windows 11 Pro,SN-TER-50014,인프라운영팀,USR_003,OPERATIONAL,2026-01-15 9:00,
CFG_TER_012,임직원 PC _ AI융합사업팀 이명헌,,HARDWARE,PC,0,,본관 4층 사업기획실,,Windows 11 Pro,SN-TER-50012,인프라운영팀,USR_003,OPERATIONAL,2026-01-15 9:00,
CFG_TER_001,임직원 PC _ 정보화기획팀 홍길동,,HARDWARE,PC,0,,본관 4층 정보화기획팀,,Windows 11 Pro,SN-TER-50001,인프라운영팀,USR_003,OPERATIONAL,2026-01-15 9:00,
CFG_TER_019,임직원 PC _ 인프라운영팀 정수진,,HARDWARE,PC,0,,본관 3층 전산조정실,,Windows 11 Pro,SN-TER-50019,인프라운영팀,USR_003,OPERATIONAL,2026-01-15 9:00,
CFG_TER_025,임직원 PC _ 경영지원팀 이준우,,HARDWARE,PC,0,,본관 2층 경영지원실,,Windows 11 Pro,SN-TER-50025,인프라운영팀,USR_003,OPERATIONAL,2026-01-15 9:00,
CFG_TER_027,임직원 PC _ 혁신성장팀 임재원,,HARDWARE,PC,0,,본관 2층 혁신본부,,Windows 11 Pro,SN-TER-50027,인프라운영팀,USR_003,OPERATIONAL,2026-01-15 9:00,
CFG_TER_028,임직원 PC _ 혁신성장팀 오진우,,HARDWARE,PC,0,,본관 2층 혁신본부,,Windows 11 Pro,SN-TER-50028,인프라운영팀,USR_003,OPERATIONAL,2026-01-15 9:00,
CFG_TER_009,임직원 PC _ AI융합사업팀 송태섭,,HARDWARE,PC,0,,본관 4층 사업기획실,,Windows 11 Pro,SN-TER-50009,인프라운영팀,USR_003,OPERATIONAL,2026-01-15 9:00,
CFG_TER_021,임직원 PC _ AI융합사업팀 박도현,,HARDWARE,PC,0,,본관 4층 사업기획실,,Windows 11 Pro,SN-TER-50021,인프라운영팀,USR_003,OPERATIONAL,2026-01-15 9:00,
CFG_TER_018,임직원 PC _ 인프라운영팀 최영민,,HARDWARE,PC,0,,본관 3층 전산조정실,,Windows 11 Pro,SN-TER-50018,인프라운영팀,USR_003,OPERATIONAL,2026-01-15 9:00,
CFG_TER_015,임직원 PC _ 경영지원팀 정우성,,HARDWARE,PC,0,,본관 2층 경영지원실,,Windows 11 Pro,SN-TER-50015,인프라운영팀,USR_003,OPERATIONAL,2026-01-15 9:00,
CFG_TER_005,임직원 PC _ 인프라운영팀 최데이,,HARDWARE,PC,0,,본관 3층 전산조정실,,Windows 11 Pro,SN-TER-50005,인프라운영팀,USR_003,OPERATIONAL,2026-01-15 9:00,
CFG_TER_011,임직원 PC _ AI융합사업팀 채치수,,HARDWARE,PC,0,,본관 4층 사업기획실,,Windows 11 Pro,SN-TER-50011,인프라운영팀,USR_003,OPERATIONAL,2026-01-15 9:00,
CFG_SRV_013,공단 내부 그룹웨어 서버,ai-gw-srv01,HARDWARE,Server,0,,본관 3층 전산실,10.140.30.12,Windows Server 2022,SN-SRV-99824,인프라운영팀,USR_003,OPERATIONAL,2026-01-15 9:00,
CFG_SRV_007,행정지원통합 서버,ai-adm-srv01,HARDWARE,Server,0,,본관 3층 전산실,10.140.30.11,Windows Server 2022,SN-SRV-99818,인프라운영팀,USR_003,OPERATIONAL,2026-01-15 9:00,
CFG_SRV_015,인증 및 권한 관리(AD) 서버,ai-ad-srv01,HARDWARE,Server,0,,본관 3층 전산실,10.140.30.14,Windows Server 2022,SN-SRV-99826,인프라운영팀,USR_003,OPERATIONAL,2026-01-15 9:00,
CFG_NET_009,사내 무선인증 AP 컨트롤러,ai-wlc-01,NETWORK,Switch,0,,본관 3층 전산실,10.140.50.5,Cisco IOS,SN-NET-11229,인프라운영팀,USR_004,OPERATIONAL,2026-01-15 9:00,
CFG_NET_003,사무실 L2 스위치 01,ai-l2-01,NETWORK,Switch,0,,본관 2층 OA실,10.140.50.1,Cisco IOS,SN-NET-11223,인프라운영팀,USR_004,OPERATIONAL,2026-01-15 9:00,
CFG_NET_004,사무실 L2 스위치 02,ai-l2-02,NETWORK,Switch,0,,본관 4층 OA실,10.140.50.2,Cisco IOS,SN-NET-11224,인프라운영팀,USR_004,OPERATIONAL,2026-01-15 9:00,
CFG_TER_031,부서용 고속 복합기 01,,HARDWARE,Peripheral,0,,본관 4층 OA존,,Linux Embedded,SN-PRN-10001,인프라운영팀,USR_004,OPERATIONAL,2026-01-15 9:00,
CFG_TER_032,부서용 고속 복합기 02,,HARDWARE,Peripheral,0,,본관 3층 OA존,,Linux Embedded,SN-PRN-10002,인프라운영팀,USR_004,OPERATIONAL,2026-01-15 9:00,
CFG_TER_033,부서용 고속 복합기 03,,HARDWARE,Peripheral,0,,본관 2층 OA존,,Linux Embedded,SN-PRN-10003,인프라운영팀,USR_004,OPERATIONAL,2026-01-15 9:00,
CFG_NET_008,침입방지시스템(IPS),ai-ips-01,NETWORK,Switch,0,,본관 3층 전산실,10.140.1.4,Linux Embedded,SN-NET-11228,인프라운영팀,USR_004,OPERATIONAL,2026-01-15 9:00,
CFG_SRV_017,백업 마스터 서버,ai-bck-srv01,HARDWARE,Server,0,,본관 3층 전산실,10.140.20.51,RHEL 9.4,SN-SRV-99828,인프라운영팀,USR_004,OPERATIONAL,2026-01-15 9:00,
CFG_SRV_003,대표홈페이지 WAS 서버 01,ai-was-srv01,HARDWARE,Server,0,,본관 3층 전산실,10.140.10.21,Rocky Linux 9.2,SN-SRV-99814,인프라운영팀,USR_004,OPERATIONAL,2026-01-15 9:00,CHG_20260315_002
CFG_SRV_009,대표홈페이지 배치 서버,ai-bat-srv01,HARDWARE,Server,0,,본관 3층 전산실,10.140.10.31,Rocky Linux 9.2,SN-SRV-99820,인프라운영팀,USR_004,OPERATIONAL,2026-01-15 9:00,
CFG_SRV_014,사내 메일 서버,ai-mail-srv01,HARDWARE,Server,0,,본관 3층 전산실,10.140.30.13,Rocky Linux 9.2,SN-SRV-99825,인프라운영팀,USR_004,OPERATIONAL,2026-01-15 9:00,
CFG_SRV_004,대표홈페이지 WAS 서버 02,ai-was-srv02,HARDWARE,Server,0,,본관 3층 전산실,10.140.10.22,Rocky Linux 9.2,SN-SRV-99815,인프라운영팀,USR_004,OPERATIONAL,2026-01-15 9:00,CHG_20260315_002
CFG_TER_034,가상화 PC 서버(VDI) 호스트 01,ai-vdi-host01,HARDWARE,Server,0,,본관 3층 전산실,10.140.60.11,VMware ESXi 8.0,SN-SRV-88101,인프라운영팀,USR_004,OPERATIONAL,2026-01-15 9:00,
CFG_TER_035,가상화 PC 서버(VDI) 호스트 02,ai-vdi-host02,HARDWARE,Server,0,,본관 3층 전산실,10.140.60.12,VMware ESXi 8.0,SN-SRV-88102,인프라운영팀,USR_004,OPERATIONAL,2026-01-15 9:00,
CFG_TER_051,가상화 VM 임직원 전용 자산 인덱스 16,vdi-win-016,HARDWARE,VM,0,CFG_TER_035,VDI 클러스터 B,,Windows 11 Ent,SN-VM-50116,인프라운영팀,USR_004,OPERATIONAL,2026-01-15 9:00,
CFG_TER_056,가상화 VM 임직원 전용 자산 인덱스 21,vdi-win-021,HARDWARE,VM,0,CFG_TER_035,VDI 클러스터 B,,Windows 11 Ent,SN-VM-50121,인프라운영팀,USR_004,OPERATIONAL,2026-01-15 9:00,
CFG_TER_060,가상화 VM 임직원 전용 자산 인덱스 25,vdi-win-025,HARDWARE,VM,0,CFG_TER_035,VDI 클러스터 B,,Windows 11 Ent,SN-VM-50125,인프라운영팀,USR_004,OPERATIONAL,2026-01-15 9:00,
CFG_TER_063,가상화 VM 임직원 전용 자산 인덱스 28,vdi-win-028,HARDWARE,VM,0,CFG_TER_035,VDI 클러스터 B,,Windows 11 Ent,SN-VM-50128,인프라운영팀,USR_004,OPERATIONAL,2026-01-15 9:00,
CFG_TER_061,가상화 VM 임직원 전용 자산 인덱스 26,vdi-win-026,HARDWARE,VM,0,CFG_TER_035,VDI 클러스터 B,,Windows 11 Ent,SN-VM-50126,인프라운영팀,USR_004,OPERATIONAL,2026-01-15 9:00,
CFG_TER_057,가상화 VM 임직원 전용 자산 인덱스 22,vdi-win-022,HARDWARE,VM,0,CFG_TER_035,VDI 클러스터 B,,Windows 11 Ent,SN-VM-50122,인프라운영팀,USR_004,OPERATIONAL,2026-01-15 9:00,
CFG_TER_046,가상화 VM 임직원 전용 자산 인덱스 11,vdi-win-011,HARDWARE,VM,0,CFG_TER_035,VDI 클러스터 B,,Windows 11 Ent,SN-VM-50111,인프라운영팀,USR_004,OPERATIONAL,2026-01-15 9:00,
CFG_TER_047,가상화 VM 임직원 전용 자산 인덱스 12,vdi-win-012,HARDWARE,VM,0,CFG_TER_035,VDI 클러스터 B,,Windows 11 Ent,SN-VM-50112,인프라운영팀,USR_004,OPERATIONAL,2026-01-15 9:00,
CFG_TER_048,가상화 VM 임직원 전용 자산 인덱스 13,vdi-win-013,HARDWARE,VM,0,CFG_TER_035,VDI 클러스터 B,,Windows 11 Ent,SN-VM-50113,인프라운영팀,USR_004,OPERATIONAL,2026-01-15 9:00,
CFG_TER_055,가상화 VM 임직원 전용 자산 인덱스 20,vdi-win-020,HARDWARE,VM,0,CFG_TER_035,VDI 클러스터 B,,Windows 11 Ent,SN-VM-50120,인프라운영팀,USR_004,OPERATIONAL,2026-01-15 9:00,
CFG_TER_052,가상화 VM 임직원 전용 자산 인덱스 17,vdi-win-017,HARDWARE,VM,0,CFG_TER_035,VDI 클러스터 B,,Windows 11 Ent,SN-VM-50117,인프라운영팀,USR_004,OPERATIONAL,2026-01-15 9:00,
CFG_TER_054,가상화 VM 임직원 전용 자산 인덱스 19,vdi-win-019,HARDWARE,VM,0,CFG_TER_035,VDI 클러스터 B,,Windows 11 Ent,SN-VM-50119,인프라운영팀,USR_004,OPERATIONAL,2026-01-15 9:00,
CFG_TER_058,가상화 VM 임직원 전용 자산 인덱스 23,vdi-win-023,HARDWARE,VM,0,CFG_TER_035,VDI 클러스터 B,,Windows 11 Ent,SN-VM-50123,인프라운영팀,USR_004,OPERATIONAL,2026-01-15 9:00,
CFG_TER_065,가상화 VM 임직원 전용 자산 인덱스 30,vdi-win-030,HARDWARE,VM,0,CFG_TER_035,VDI 클러스터 B,,Windows 11 Ent,SN-VM-50130,인프라운영팀,USR_004,OPERATIONAL,2026-01-15 9:00,
CFG_TER_062,가상화 VM 임직원 전용 자산 인덱스 27,vdi-win-027,HARDWARE,VM,0,CFG_TER_035,VDI 클러스터 B,,Windows 11 Ent,SN-VM-50127,인프라운영팀,USR_004,OPERATIONAL,2026-01-15 9:00,
CFG_TER_064,가상화 VM 임직원 전용 자산 인덱스 29,vdi-win-029,HARDWARE,VM,0,CFG_TER_035,VDI CLUSTER B,,Windows 11 Ent,SN-VM-50129,인프라운영팀,USR_004,OPERATIONAL,2026-01-15 9:00,
CFG_TER_053,가상화 VM 임직원 전용 자산 인덱스 18,vdi-win-018,HARDWARE,VM,0,CFG_TER_035,VDI 클러스터 B,,Windows 11 Ent,SN-VM-50118,인프라운영팀,USR_004,OPERATIONAL,2026-01-15 9:00,
CFG_TER_050,가상화 VM 임직원 전용 자산 인덱스 15,vdi-win-015,HARDWARE,VM,0,CFG_TER_035,VDI 클러스터 B,,Windows 11 Ent,SN-VM-50115,인프라운영팀,USR_004,OPERATIONAL,2026-01-15 9:00,
CFG_TER_049,가상화 VM 임직원 전용 자산 인덱스 14,vdi-win-014,HARDWARE,VM,0,CFG_TER_035,VDI 클러스터 B,,Windows 11 Ent,SN-VM-50114,인프라운영팀,USR_004,OPERATIONAL,2026-01-15 9:00,
CFG_TER_059,가상화 VM 임직원 전용 자산 인덱스 24,vdi-win-024,HARDWARE,VM,0,CFG_TER_035,VDI 클러스터 B,,Windows 11 Ent,SN-VM-50124,인프라운영팀,USR_004,OPERATIONAL,2026-01-15 9:00,
CFG_SRV_016,형상관리 및 자산관리 DB 서버,ai-cfg-db01,HARDWARE,Server,0,,본관 3층 전산실,10.140.20.21,PostgreSQL 16,SN-SRV-99827,인프라운영팀,USR_005,OPERATIONAL,2026-01-15 9:00,
CFG_SRV_010,대표홈페이지 연계 대외계 서버,ai-ext-srv01,HARDWARE,Server,0,,본관 3층 전산실,10.140.10.41,RHEL 9.4,SN-SRV-99821,인프라운영팀,USR_005,OPERATIONAL,2026-01-15 9:00,CHG_20260611_002
CFG_SRV_005,대표홈페이지 메인 DB 서버(Active),ai-db-srv01,HARDWARE,Server,0,,본관 3층 전산실,10.140.20.11,RHEL 9.4,SN-SRV-99816,인프라운영팀,USR_005,OPERATIONAL,2026-01-15 9:00,CHG_20260410_001
CFG_SRV_006,대표홈페이지 메인 DB 서버(Standby),ai-db-srv02,HARDWARE,Server,0,,본관 3층 전산실,10.140.20.12,RHEL 9.4,SN-SRV-99817,인프라운영팀,USR_005,STANDBY,2026-01-15 9:00,CHG_20260410_001
CFG_DEV_106,스토리지 스토어 인덱스 자산 106,,HARDWARE,Storage,0,,본관 3층 전산실,,SAN OS v1.2,SN-STG-306,인프라운영팀,USR_005,OPERATIONAL,2026-01-15 9:00,
CFG_DEV_034,스토리지 스토어 인덱스 자산 34,,HARDWARE,Storage,0,,본관 3층 전산실,,SAN OS v1.2,SN-STG-234,인프라운영팀,USR_005,OPERATIONAL,2026-01-15 9:00,
CFG_DEV_066,스토리지 스토어 인덱스 자산 66,,HARDWARE,Storage,0,,본관 3층 전산실,,SAN OS v1.2,SN-STG-266,인프라운영팀,USR_005,OPERATIONAL,2026-01-15 9:00,
CFG_DEV_103,스토리지 스토어 인덱스 자산 103,,HARDWARE,Storage,0,,본관 3층 전산실,,SAN OS v1.2,SN-STG-303,인프라운영팀,USR_005,OPERATIONAL,2026-01-15 9:00,
CFG_DEV_064,스토리지 스토어 인덱스 자산 64,,HARDWARE,Storage,0,,본관 3층 전산실,,SAN OS v1.2,SN-STG-264,인프라운영팀,USR_005,OPERATIONAL,2026-01-15 9:00,
CFG_DEV_075,스토리지 스토어 인덱스 자산 75,,HARDWARE,Storage,0,,본관 3층 전산실,,SAN OS v1.2,SN-STG-275,인프라운영팀,USR_005,OPERATIONAL,2026-01-15 9:00,
CFG_DEV_099,스토리지 스토어 인덱스 자산 99,,HARDWARE,Storage,0,,본관 3층 전산실,,SAN OS v1.2,SN-STG-299,인프라운영팀,USR_005,OPERATIONAL,2026-01-15 9:00,
CFG_DEV_020,스토리지 스토어 인덱스 자산 20,,HARDWARE,Storage,0,,본관 3층 전산실,,SAN OS v1.2,SN-STG-220,인프라운영팀,USR_005,OPERATIONAL,2026-01-15 9:00,
CFG_DEV_036,스토리지 스토어 인덱스 자산 36,,HARDWARE,Storage,0,,본관 3층 전산실,,SAN OS v1.2,SN-STG-236,인프라운영팀,USR_005,OPERATIONAL,2026-01-15 9:00,
CFG_DEV_051,스토리지 스토어 인덱스 자산 51,,HARDWARE,Storage,0,,본관 3층 전산실,,SAN OS v1.2,SN-STG-251,인프라운영팀,USR_005,OPERATIONAL,2026-01-15 9:00,
CFG_DEV_052,스토리지 스토어 인덱스 자산 52,,HARDWARE,Storage,0,,본관 3층 전산실,,SAN OS v1.2,SN-STG-252,인프라운영팀,USR_005,OPERATIONAL,2026-01-15 9:00,
CFG_DEV_057,스토리지 스토어 인덱스 자산 57,,HARDWARE,Storage,0,,본관 3층 전산실,,SAN OS v1.2,SN-STG-257,인프라운영팀,USR_005,OPERATIONAL,2026-01-15 9:00,
CFG_DEV_109,스토리지 스토어 인덱스 자산 109,,HARDWARE,Storage,0,,본관 3층 전산실,,SAN OS v1.2,SN-STG-309,인프라운영팀,USR_005,OPERATIONAL,2026-01-15 9:00,
CFG_DEV_031,스토리지 스토어 인덱스 자산 31,,HARDWARE,Storage,0,,본관 3층 전산실,,SAN OS v1.2,SN-STG-231,인프라운영팀,USR_005,OPERATIONAL,2026-01-15 9:00,
CFG_DEV_079,스토리지 스토어 인덱스 자산 79,,HARDWARE,Storage,0,,본관 3층 전산실,,SAN OS v1.2,SN-STG-279,인프라운영팀,USR_005,OPERATIONAL,2026-01-15 9:00,
CFG_DEV_004,스토리지 스토어 인덱스 자산 04,,HARDWARE,Storage,0,,본관 3층 전산실,,SAN OS v1.2,SN-STG-204,인프라운영팀,USR_005,OPERATIONAL,2026-01-15 9:00,
CFG_DEV_027,스토리지 스토어 인덱스 자산 27,,HARDWARE,Storage,0,,본관 3층 전산실,,SAN OS v1.2,SN-STG-227,인프라운영팀,USR_005,OPERATIONAL,2026-01-15 9:00,
CFG_DEV_059,스토리지 스토어 인덱스 자산 59,,HARDWARE,Storage,0,,본관 3층 전산실,,SAN OS v1.2,SN-STG-259,인프라운영팀,USR_005,OPERATIONAL,2026-01-15 9:00,
CFG_DEV_087,스토리지 스토어 인덱스 자산 87,,HARDWARE,Storage,0,,본관 3층 전산실,,SAN OS v1.2,SN-STG-287,인프라운영팀,USR_005,OPERATIONAL,2026-01-15 9:00,
CFG_DEV_111,스토리지 스토어 인덱스 자산 111,,HARDWARE,Storage,0,,본관 3층 전산실,,SAN OS v1.2,SN-STG-311,인프라운영팀,USR_005,OPERATIONAL,2026-01-15 9:00,
CFG_DEV_041,스토리지 스토어 인덱스 자산 41,,HARDWARE,Storage,0,,본관 3층 전산실,,SAN OS v1.2,SN-STG-241,인프라운영팀,USR_005,OPERATIONAL,2026-01-15 9:00,
CFG_DEV_081,스토리지 스토어 인덱스 자산 81,,HARDWARE,Storage,0,,본관 3층 전산실,,SAN OS v1.2,SN-STG-281,인프라운영팀,USR_005,OPERATIONAL,2026-01-15 9:00,
CFG_DEV_098,스토리지 스토어 인덱스 자산 98,,HARDWARE,Storage,0,,본관 3층 전산실,,SAN OS v1.2,SN-STG-298,인프라운영팀,USR_005,OPERATIONAL,2026-01-15 9:00,
CFG_DEV_083,스토리지 스토어 인덱스 자산 83,,HARDWARE,Storage,0,,본관 3층 전산실,,SAN OS v1.2,SN-STG-283,인프라운영팀,USR_005,OPERATIONAL,2026-01-15 9:00,
CFG_DEV_043,스토리지 스토어 인덱스 자산 43,,HARDWARE,Storage,0,,본관 3층 전산실,,SAN OS v1.2,SN-STG-243,인프라운영팀,USR_005,OPERATIONAL,2026-01-15 9:00,
CFG_DEV_044,스토리지 스토어 인덱스 자산 44,,HARDWARE,Storage,0,,본관 3층 전산실,,SAN OS v1.2,SN-STG-244,인프라운영팀,USR_005,OPERATIONAL,2026-01-15 9:00,
CFG_DEV_047,스토리지 스토어 인덱스 자산 47,,HARDWARE,Storage,0,,본관 3층 전산실,,SAN OS v1.2,SN-STG-247,인프라운영팀,USR_005,OPERATIONAL,2026-01-15 9:00,
CFG_DEV_085,스토리지 스토어 인덱스 자산 85,,HARDWARE,Storage,0,,본관 3층 전산실,,SAN OS v1.2,SN-STG-285,인프라운영팀,USR_005,OPERATIONAL,2026-01-15 9:00,
CFG_DEV_022,스토리지 스토어 인덱스 자산 22,,HARDWARE,Storage,0,,본관 3층 전산실,,SAN OS v1.2,SN-STG-222,인프라운영팀,USR_005,OPERATIONAL,2026-01-15 9:00,
CFG_DEV_110,스토리지 스토어 인덱스 자산 110,,HARDWARE,Storage,0,,본관 3층 전산실,,SAN OS v1.2,SN-STG-310,인프라운영팀,USR_005,OPERATIONAL,2026-01-15 9:00,
CFG_DEV_011,스토리지 스토어 인덱스 자산 11,,HARDWARE,Storage,0,,본관 3층 전산실,,SAN OS v1.2,SN-STG-211,인프라운영팀,USR_005,OPERATIONAL,2026-01-15 9:00,
CFG_DEV_073,스토리지 스토어 인덱스 자산 73,,HARDWARE,Storage,0,,본관 3층 전산실,,SAN OS v1.2,SN-STG-273,인프라운영팀,USR_005,OPERATIONAL,2026-01-15 9:00,
CFG_DEV_040,스토리지 스토어 인덱스 자산 40,,HARDWARE,Storage,0,,본관 3층 전산실,,SAN OS v1.2,SN-STG-240,인프라운영팀,USR_005,OPERATIONAL,2026-01-15 9:00,
CFG_DEV_025,스토리지 스토어 인덱스 자산 25,,HARDWARE,Storage,0,,본관 3층 전산실,,SAN OS v1.2,SN-STG-225,인프라운영팀,USR_005,OPERATIONAL,2026-01-15 9:00,
CFG_DEV_049,스토리지 스토어 인덱스 자산 49,,HARDWARE,Storage,0,,본관 3층 전산실,,SAN OS v1.2,SN-STG-249,인프라운영팀,USR_005,OPERATIONAL,2026-01-15 9:00,
CFG_DEV_055,스토리지 스토어 인덱스 자산 55,,HARDWARE,Storage,0,,본관 3층 전산실,,SAN OS v1.2,SN-STG-255,인프라운영팀,USR_005,OPERATIONAL,2026-01-15 9:00,
CFG_DEV_032,스토리지 스토어 인덱스 자산 32,,HARDWARE,Storage,0,,본관 3층 전산실,,SAN OS v1.2,SN-STG-232,인프라운영팀,USR_005,OPERATIONAL,2026-01-15 9:00,
CFG_DEV_054,스토리지 스토어 인덱스 자산 54,,HARDWARE,Storage,0,,본관 3층 전산실,,SAN OS v1.2,SN-STG-254,인프라운영팀,USR_005,OPERATIONAL,2026-01-15 9:00,
CFG_DEV_113,스토리지 스토어 인덱스 자산 113,,HARDWARE,Storage,0,,본관 3층 전산실,,SAN OS v1.2,SN-STG-313,인프라운영팀,USR_005,OPERATIONAL,2026-01-15 9:00,
CFG_DEV_067,스토리지 스토어 인덱스 자산 67,,HARDWARE,Storage,0,,본관 3층 전산실,,SAN OS v1.2,SN-STG-267,인프라운영팀,USR_005,OPERATIONAL,2026-01-15 9:00,
CFG_DEV_092,스토리지 스토어 인덱스 자산 92,,HARDWARE,Storage,0,,본관 3층 전산실,,SAN OS v1.2,SN-STG-292,인프라운영팀,USR_005,OPERATIONAL,2026-01-15 9:00,
CFG_DEV_101,스토리지 스토어 인덱스 자산 101,,HARDWARE,Storage,0,,본관 3층 전산실,,SAN OS v1.2,SN-STG-301,인프라운영팀,USR_005,OPERATIONAL,2026-01-15 9:00,
CFG_DEV_093,스토리지 스토어 인덱스 자산 93,,HARDWARE,Storage,0,,본관 3층 전산실,,SAN OS v1.2,SN-STG-293,인프라운영팀,USR_005,OPERATIONAL,2026-01-15 9:00,
CFG_DEV_053,스토리지 스토어 인덱스 자산 53,,HARDWARE,Storage,0,,본관 3층 전산실,,SAN OS v1.2,SN-STG-253,인프라운영팀,USR_005,OPERATIONAL,2026-01-15 9:00,
CFG_DEV_089,스토리지 스토어 인덱스 자산 89,,HARDWARE,Storage,0,,본관 3층 전산실,,SAN OS v1.2,SN-STG-289,인프라운영팀,USR_005,OPERATIONAL,2026-01-15 9:00,
CFG_DEV_105,스토리지 스토어 인덱스 자산 105,,HARDWARE,Storage,0,,본관 3층 전산실,,SAN OS v1.2,SN-STG-305,인프라운영팀,USR_005,OPERATIONAL,2026-01-15 9:00,
CFG_DEV_100,스토리지 스토어 인덱스 자산 100,,HARDWARE,Storage,0,,본관 3층 전산실,,SAN OS v1.2,SN-STG-300,인프라운영팀,USR_005,OPERATIONAL,2026-01-15 9:00,
CFG_DEV_006,스토리지 스토어 인덱스 자산 06,,HARDWARE,Storage,0,,본관 3층 전산실,,SAN OS v1.2,SN-STG-206,인프라운영팀,USR_005,OPERATIONAL,2026-01-15 9:00,
CFG_DEV_009,스토리지 스토어 인덱스 자산 09,,HARDWARE,Storage,0,,본관 3층 전산실,,SAN OS v1.2,SN-STG-209,인프라운영팀,USR_005,OPERATIONAL,2026-01-15 9:00,
CFG_DEV_026,스토리지 스토어 인덱스 자산 26,,HARDWARE,Storage,0,,본관 3층 전산실,,SAN OS v1.2,SN-STG-226,인프라운영팀,USR_005,OPERATIONAL,2026-01-15 9:00,
CFG_DEV_107,스토리지 스토어 인덱스 자산 107,,HARDWARE,Storage,0,,본관 3층 전산실,,SAN OS v1.2,SN-STG-307,인프라운영팀,USR_005,OPERATIONAL,2026-01-15 9:00,
CFG_DEV_001,스토리지 스토어 인덱스 자산 01,,HARDWARE,Storage,0,,본관 3층 전산실,,SAN OS v1.2,SN-STG-201,인프라운영팀,USR_005,OPERATIONAL,2026-01-15 9:00,
CFG_DEV_112,스토리지 스토어 인덱스 자산 112,,HARDWARE,Storage,0,,본관 3층 전산실,,SAN OS v1.2,SN-STG-312,인프라운영팀,USR_005,OPERATIONAL,2026-01-15 9:00,
CFG_DEV_115,스토리지 스토어 인덱스 자산 115,,HARDWARE,Storage,0,,본관 3층 전산실,,SAN OS v1.2,SN-STG-315,인프라운영팀,USR_005,OPERATIONAL,2026-01-15 9:00,
CFG_DEV_008,스토리지 스토어 인덱스 자산 08,,HARDWARE,Storage,0,,본관 3층 전산실,,SAN OS v1.2,SN-STG-208,인프라운영팀,USR_005,OPERATIONAL,2026-01-15 9:00,
CFG_DEV_048,스토리지 스토어 인덱스 자산 48,,HARDWARE,Storage,0,,본관 3층 전산실,,SAN OS v1.2,SN-STG-248,인프라운영팀,USR_005,OPERATIONAL,2026-01-15 9:00,
CFG_DEV_061,스토리지 스토어 인덱스 자산 61,,HARDWARE,Storage,0,,본관 3층 전산실,,SAN OS v1.2,SN-STG-261,인프라운영팀,USR_005,OPERATIONAL,2026-01-15 9:00,
CFG_DEV_114,스토리지 스토어 인덱스 자산 114,,HARDWARE,Storage,0,,본관 3층 전산실,,SAN OS v1.2,SN-STG-314,인프라운영팀,USR_005,OPERATIONAL,2026-01-15 9:00,
CFG_DEV_016,스토리지 스토어 인덱스 자산 16,,HARDWARE,Storage,0,,본관 3층 전산실,,SAN OS v1.2,SN-STG-216,인프라운영팀,USR_005,OPERATIONAL,2026-01-15 9:00,
CFG_DEV_029,스토리지 스토어 인덱스 자산 29,,HARDWARE,Storage,0,,본관 3층 전산실,,SAN OS v1.2,SN-STG-229,인프라운영팀,USR_005,OPERATIONAL,2026-01-15 9:00,
CFG_DEV_063,스토리지 스토어 인덱스 자산 63,,HARDWARE,Storage,0,,본관 3층 전산실,,SAN OS v1.2,SN-STG-263,인프라운영팀,USR_005,OPERATIONAL,2026-01-15 9:00,
CFG_DEV_082,스토리지 스토어 인덱스 자산 82,,HARDWARE,Storage,0,,본관 3층 전산실,,SAN OS v1.2,SN-STG-282,인프라운영팀,USR_005,OPERATIONAL,2026-01-15 9:00,
CFG_DEV_050,스토리지 스토어 인덱스 자산 50,,HARDWARE,Storage,0,,본관 3층 전산실,,SAN OS v1.2,SN-STG-250,인프라운영팀,USR_005,OPERATIONAL,2026-01-15 9:00,
CFG_DEV_080,스토리지 스토어 인덱스 자산 80,,HARDWARE,Storage,0,,본관 3층 전산실,,SAN OS v1.2,SN-STG-280,인프라운영팀,USR_005,OPERATIONAL,2026-01-15 9:00,
CFG_DEV_091,스토리지 스토어 인덱스 자산 91,,HARDWARE,Storage,0,,본관 3층 전산실,,SAN OS v1.2,SN-STG-291,인프라운영팀,USR_005,OPERATIONAL,2026-01-15 9:00,
CFG_DEV_104,스토리지 스토어 인덱스 자산 104,,HARDWARE,Storage,0,,본관 3층 전산실,,SAN OS v1.2,SN-STG-304,인프라운영팀,USR_005,OPERATIONAL,2026-01-15 9:00,
CFG_DEV_086,스토리지 스토어 인덱스 자산 86,,HARDWARE,Storage,0,,본관 3층 전산실,,SAN OS v1.2,SN-STG-286,인프라운영팀,USR_005,OPERATIONAL,2026-01-15 9:00,
CFG_DEV_102,스토리지 스토어 인덱스 자산 102,,HARDWARE,Storage,0,,본관 3층 전산실,,SAN OS v1.2,SN-STG-302,인프라운영팀,USR_005,OPERATIONAL,2026-01-15 9:00,
CFG_DEV_078,스토리지 스토어 인덱스 자산 78,,HARDWARE,Storage,0,,본관 3층 전산실,,SAN OS v1.2,SN-STG-278,인프라운영팀,USR_005,OPERATIONAL,2026-01-15 9:00,
CFG_DEV_094,스토리지 스토어 인덱스 자산 94,,HARDWARE,Storage,0,,본관 3층 전산실,,SAN OS v1.2,SN-STG-294,인프라운영팀,USR_005,OPERATIONAL,2026-01-15 9:00,
CFG_DEV_019,스토리지 스토어 인덱스 자산 19,,HARDWARE,Storage,0,,본관 3층 전산실,,SAN OS v1.2,SN-STG-219,인프라운영팀,USR_005,OPERATIONAL,2026-01-15 9:00,
CFG_DEV_035,스토리지 스토어 인덱스 자산 35,,HARDWARE,Storage,0,,본관 3층 전산실,,SAN OS v1.2,SN-STG-235,인프라운영팀,USR_005,OPERATIONAL,2026-01-15 9:00,
CFG_DEV_010,스토리지 스토어 인덱스 자산 10,,HARDWARE,Storage,0,,본관 3층 전산실,,SAN OS v1.2,SN-STG-210,인프라운영팀,USR_005,OPERATIONAL,2026-01-15 9:00,
CFG_DEV_030,스토리지 스토어 인덱스 자산 30,,HARDWARE,Storage,0,,본관 3층 전산실,,SAN OS v1.2,SN-STG-230,인프라운영팀,USR_005,OPERATIONAL,2026-01-15 9:00,
CFG_DEV_038,스토리지 스토어 인덱스 자산 38,,HARDWARE,Storage,0,,본관 3층 전산실,,SAN OS v1.2,SN-STG-238,인프라운영팀,USR_005,OPERATIONAL,2026-01-15 9:00,
CFG_DEV_065,스토리지 스토어 인덱스 자산 65,,HARDWARE,Storage,0,,본관 3층 전산실,,SAN OS v1.2,SN-STG-265,인프라운영팀,USR_005,OPERATIONAL,2026-01-15 9:00,
CFG_DEV_024,스토리지 스토어 인덱스 자산 24,,HARDWARE,Storage,0,,본관 3층 전산실,,SAN OS v1.2,SN-STG-224,인프라운영팀,USR_005,OPERATIONAL,2026-01-15 9:00,
CFG_DEV_077,스토리지 스토어 인덱스 자산 77,,HARDWARE,Storage,0,,본관 3층 전산실,,SAN OS v1.2,SN-STG-277,인프라운영팀,USR_005,OPERATIONAL,2026-01-15 9:00,
CFG_DEV_062,스토리지 스토어 인덱스 자산 62,,HARDWARE,Storage,0,,본관 3층 전산실,,SAN OS v1.2,SN-STG-262,인프라운영팀,USR_005,OPERATIONAL,2026-01-15 9:00,
CFG_DEV_090,스토리지 스토어 인덱스 자산 90,,HARDWARE,Storage,0,,본관 3층 전산실,,SAN OS v1.2,SN-STG-290,인프라운영팀,USR_005,OPERATIONAL,2026-01-15 9:00,
CFG_DEV_108,스토리지 스토어 인덱스 자산 108,,HARDWARE,Storage,0,,본관 3층 전산실,,SAN OS v1.2,SN-STG-308,인프라운영팀,USR_005,OPERATIONAL,2026-01-15 9:00,
CFG_DEV_002,스토리지 스토어 인덱스 자산 02,,HARDWARE,Storage,0,,본관 3층 전산실,,SAN OS v1.2,SN-STG-202,인프라운영팀,USR_005,OPERATIONAL,2026-01-15 9:00,
CFG_DEV_005,스토리지 스토어 인덱스 자산 05,,HARDWARE,Storage,0,,본관 3층 전산실,,SAN OS v1.2,SN-STG-205,인프라운영팀,USR_005,OPERATIONAL,2026-01-15 9:00,
CFG_DEV_012,스토리지 스토어 인덱스 자산 12,,HARDWARE,Storage,0,,본관 3층 전산실,,SAN OS v1.2,SN-STG-212,인프라운영팀,USR_005,OPERATIONAL,2026-01-15 9:00,
CFG_DEV_013,스토리지 스토어 인덱스 자산 13,,HARDWARE,Storage,0,,본관 3층 전산실,,SAN OS v1.2,SN-STG-213,인프라운영팀,USR_005,OPERATIONAL,2026-01-15 9:00,
CFG_DEV_058,스토리지 스토어 인덱스 자산 58,,HARDWARE,Storage,0,,본관 3층 전산실,,SAN OS v1.2,SN-STG-258,인프라운영팀,USR_005,OPERATIONAL,2026-01-15 9:00,
CFG_DEV_095,스토리지 스토어 인덱스 자산 95,,HARDWARE,Storage,0,,본관 3층 전산실,,SAN OS v1.2,SN-STG-295,인프라운영팀,USR_005,OPERATIONAL,2026-01-15 9:00,
CFG_DEV_072,스토리지 스토어 인덱스 자산 72,,HARDWARE,Storage,0,,본관 3층 전산실,,SAN OS v1.2,SN-STG-272,인프라운영팀,USR_005,OPERATIONAL,2026-01-15 9:00,
CFG_DEV_007,스토리지 스토어 인덱스 자산 07,,HARDWARE,Storage,0,,본관 3층 전산실,,SAN OS v1.2,SN-STG-207,인프라운영팀,USR_005,OPERATIONAL,2026-01-15 9:00,
CFG_DEV_015,스토리지 스토어 인덱스 자산 15,,HARDWARE,Storage,0,,본관 3층 전산실,,SAN OS v1.2,SN-STG-215,인프라운영팀,USR_005,OPERATIONAL,2026-01-15 9:00,
CFG_DEV_018,스토리지 스토어 인덱스 자산 18,,HARDWARE,Storage,0,,본관 3층 전산실,,SAN OS v1.2,SN-STG-218,인프라운영팀,USR_005,OPERATIONAL,2026-01-15 9:00,
CFG_DEV_014,스토리지 스토어 인덱스 자산 14,,HARDWARE,Storage,0,,본관 3층 전산실,,SAN OS v1.2,SN-STG-214,인프라운영팀,USR_005,OPERATIONAL,2026-01-15 9:00,
CFG_DEV_021,스토리지 스토어 인덱스 자산 21,,HARDWARE,Storage,0,,본관 3층 전산실,,SAN OS v1.2,SN-STG-221,인프라운영팀,USR_005,OPERATIONAL,2026-01-15 9:00,
CFG_DEV_045,스토리지 스토어 인덱스 자산 45,,HARDWARE,Storage,0,,본관 3층 전산실,,SAN OS v1.2,SN-STG-245,인프라운영팀,USR_005,OPERATIONAL,2026-01-15 9:00,
CFG_DEV_069,스토리지 스토어 인덱스 자산 69,,HARDWARE,Storage,0,,본관 3층 전산실,,SAN OS v1.2,SN-STG-269,인프라운영팀,USR_005,OPERATIONAL,2026-01-15 9:00,
CFG_DEV_074,스토리지 스토어 인덱스 자산 74,,HARDWARE,Storage,0,,본관 3층 전산실,,SAN OS v1.2,SN-STG-274,인프라운영팀,USR_005,OPERATIONAL,2026-01-15 9:00,
CFG_DEV_084,스토리지 스토어 인덱스 자산 84,,HARDWARE,Storage,0,,본관 3층 전산실,,SAN OS v1.2,SN-STG-284,인프라운영팀,USR_005,OPERATIONAL,2026-01-15 9:00,
CFG_DEV_088,스토리지 스토어 인덱스 자산 88,,HARDWARE,Storage,0,,본관 3층 전산실,,SAN OS v1.2,SN-STG-288,인프라운영팀,USR_005,OPERATIONAL,2026-01-15 9:00,
CFG_DEV_033,스토리지 스토어 인덱스 자산 33,,HARDWARE,Storage,0,,본관 3층 전산실,,SAN OS v1.2,SN-STG-233,인프라운영팀,USR_005,OPERATIONAL,2026-01-15 9:00,
CFG_DEV_071,스토리지 스토어 인덱스 자산 71,,HARDWARE,Storage,0,,본관 3층 전산실,,SAN OS v1.2,SN-STG-271,인프라운영팀,USR_005,OPERATIONAL,2026-01-15 9:00,
CFG_DEV_017,스토리지 스토어 인덱스 자산 17,,HARDWARE,Storage,0,,본관 3층 전산실,,SAN OS v1.2,SN-STG-217,인프라운영팀,USR_005,OPERATIONAL,2026-01-15 9:00,
CFG_DEV_042,스토리지 스토어 인덱스 자산 42,,HARDWARE,Storage,0,,본관 3층 전산실,,SAN OS v1.2,SN-STG-242,인프라운영팀,USR_005,OPERATIONAL,2026-01-15 9:00,
CFG_DEV_046,스토리지 스토어 인덱스 자산 46,,HARDWARE,Storage,0,,본관 3층 전산실,,SAN OS v1.2,SN-STG-246,인프라운영팀,USR_005,OPERATIONAL,2026-01-15 9:00,
CFG_DEV_070,스토리지 스토어 인덱스 자산 70,,HARDWARE,Storage,0,,본관 3층 전산실,,SAN OS v1.2,SN-STG-270,인프라운영팀,USR_005,OPERATIONAL,2026-01-15 9:00,
CFG_DEV_097,스토리지 스토어 인덱스 자산 97,,HARDWARE,Storage,0,,본관 3층 전산실,,SAN OS v1.2,SN-STG-297,인프라운영팀,USR_005,OPERATIONAL,2026-01-15 9:00,
CFG_DEV_003,스토리지 스토어 인덱스 자산 03,,HARDWARE,Storage,0,,본관 3층 전산실,,SAN OS v1.2,SN-STG-203,인프라운영팀,USR_005,OPERATIONAL,2026-01-15 9:00,
CFG_DEV_023,스토리지 스토어 인덱스 자산 23,,HARDWARE,Storage,0,,본관 3층 전산실,,SAN OS v1.2,SN-STG-223,인프라운영팀,USR_005,OPERATIONAL,2026-01-15 9:00,
CFG_DEV_039,스토리지 스토어 인덱스 자산 39,,HARDWARE,Storage,0,,본관 3층 전산실,,SAN OS v1.2,SN-STG-239,인프라운영팀,USR_005,OPERATIONAL,2026-01-15 9:00,
CFG_DEV_096,스토리지 스토어 인덱스 자산 96,,HARDWARE,Storage,0,,본관 3층 전산실,,SAN OS v1.2,SN-STG-296,인프라운영팀,USR_005,OPERATIONAL,2026-01-15 9:00,
CFG_DEV_028,스토리지 스토어 인덱스 자산 28,,HARDWARE,Storage,0,,본관 3층 전산실,,SAN OS v1.2,SN-STG-228,인프라운영팀,USR_005,OPERATIONAL,2026-01-15 9:00,
CFG_DEV_056,스토리지 스토어 인덱스 자산 56,,HARDWARE,Storage,0,,본관 3층 전산실,,SAN OS v1.2,SN-STG-256,인프라운영팀,USR_005,OPERATIONAL,2026-01-15 9:00,
CFG_DEV_060,스토리지 스토어 인덱스 자산 60,,HARDWARE,Storage,0,,본관 3층 전산실,,SAN OS v1.2,SN-STG-260,인프라운영팀,USR_005,OPERATIONAL,2026-01-15 9:00,
CFG_DEV_076,스토리지 스토어 인덱스 자산 76,,HARDWARE,Storage,0,,본관 3층 전산실,,SAN OS v1.2,SN-STG-276,인프라운영팀,USR_005,OPERATIONAL,2026-01-15 9:00,
CFG_DEV_037,스토리지 스토어 인덱스 자산 37,,HARDWARE,Storage,0,,본관 3층 전산실,,SAN OS v1.2,SN-STG-237,인프라운영팀,USR_005,OPERATIONAL,2026-01-15 9:00,
CFG_DEV_068,스토리지 스토어 인덱스 자산 68,,HARDWARE,Storage,0,,본관 3층 전산실,,SAN OS v1.2,SN-STG-268,인프라운영팀,USR_005,OPERATIONAL,2026-01-15 9:00,
CFG_USR_014,AI융합사업팀 선임 정대만,,HUMAN,Staff,0,,본관 4층 사업기획실,,,,AI융합사업팀,USR_006,OPERATIONAL,2026-01-01 9:00,
CFG_USR_017,AI융합사업팀 주임 윤서아,,HUMAN,Staff,0,,본관 4층 사업기획실,,,,AI융합사업팀,USR_006,OPERATIONAL,2026-01-01 9:00,
CFG_USR_015,AI융합사업팀 주임 채치수,,HUMAN,Staff,0,,본관 4층 사업기획실,,,,AI융합사업팀,USR_006,OPERATIONAL,2026-01-01 9:00,
CFG_USR_016,AI융합사업팀 주임 이명헌,,HUMAN,Staff,0,,본관 4층 사업기획실,,,,AI융합사업팀,USR_006,OPERATIONAL,2026-01-01 9:00,
CFG_USR_019,AI융합사업팀 사원 한지민,,HUMAN,Staff,0,,본관 4층 사업기획실,,,,AI융합사업팀,USR_006,OPERATIONAL,2026-01-01 9:00,
CFG_USR_018,AI융합사업팀 주임 박도현,,HUMAN,Staff,0,,본관 4층 사업기획실,,,,AI융합사업팀,USR_006,OPERATIONAL,2026-01-01 9:00,
CFG_USR_020,AI융합사업팀 사원 강민재,,HUMAN,Staff,0,,본관 4층 사업기획실,,,,AI융합사업팀,USR_006,OPERATIONAL,2026-01-01 9:00,
CFG_USR_013,AI융합사업팀 선임 송태섭,,HUMAN,Staff,0,,본관 4층 사업기획실,,,,AI융합사업팀,USR_006,OPERATIONAL,2026-01-01 9:00,
CFG_USR_012,AI융합사업팀 책임 서태웅,,HUMAN,Staff,0,,본관 4층 사업기획실,,,,AI융합사업팀,USR_006,OPERATIONAL,2026-01-01 9:00,
CFG_USR_011,AI융합사업팀 책임 강백호,,HUMAN,Staff,0,,본관 4층 사업기획실,,,,AI융합사업팀,USR_006,OPERATIONAL,2026-01-01 9:00,
CFG_USR_006,AI융합사업팀 팀장 정재하,,HUMAN,Staff,0,,본관 4층 사업기획실,,,,경영지원팀,USR_006,OPERATIONAL,2026-01-01 9:00,
CFG_SRV_012,AI 개발 테스트 서버 02,ai-tst-srv02,HARDWARE,Server,0,,본관 3층 전산실,10.140.40.12,Ubuntu 24.04 LTS,SN-SRV-99823,인프라운영팀,USR_009,OPERATIONAL,2026-01-15 9:00,
CFG_SRV_011,AI 개발 테스트 서버 01,ai-tst-srv01,HARDWARE,Server,0,,본관 3층 전산실,10.140.40.11,Ubuntu 24.04 LTS,SN-SRV-99822,인프라운영팀,USR_009,OPERATIONAL,2026-01-15 9:00,
CFG_SRV_018,통합 로그 수집 서버,ai-log-srv01,HARDWARE,Server,0,,본관 3층 전산실,10.140.20.61,Ubuntu 22.04 LTS,SN-SRV-99829,인프라운영팀,USR_010,OPERATIONAL,2026-01-15 9:00,
CFG_WEB_002,공단소개 > 인사말,,WEB_PAGE,L2_PAGE,2,CFG_WEB_001,/intro/greeting,,전자정부프레임워크 v4.1,,AI융합사업팀,USR_011,OPERATIONAL,2026-02-01 10:00,
CFG_WEB_001,공단소개 (메인),,WEB_PAGE,L1_PAGE,1,,/intro,,전자정부프레임워크 v4.1,,AI융합사업팀,USR_011,OPERATIONAL,2026-02-01 10:00,
CFG_WEB_004,공단소개 > 오시는길,,WEB_PAGE,L2_PAGE,2,CFG_WEB_001,/intro/location,,전자정부프레임워크 v4.1,,AI융합사업팀,USR_012,OPERATIONAL,2026-02-01 10:00,
CFG_WEB_003,공단소개 > 조직도,,WEB_PAGE,L2_PAGE,2,CFG_WEB_001,/intro/organization,,전자정부프레임워크 v4.1,,AI융합사업팀,USR_012,OPERATIONAL,2026-02-01 10:00,
CFG_WEB_006,주요사업 > AI바우처지원,,WEB_PAGE,L2_PAGE,2,CFG_WEB_005,/business/voucher,,전자정부프레임워크 v4.1,,AI융합사업팀,USR_013,OPERATIONAL,2026-02-01 10:00,
CFG_WEB_005,주요사업 (메인),,WEB_PAGE,L1_PAGE,1,,/business,,전자정부프레임워크 v4.1,,AI융합사업팀,USR_013,OPERATIONAL,2026-02-01 10:00,
CFG_WEB_007,주요사업 > AI바우처지원 > 사업공고,,WEB_PAGE,L3_PAGE,3,CFG_WEB_006,/business/voucher/notice,,전자정부프레임워크 v4.1,,AI융합사업팀,USR_013,OPERATIONAL,2026-02-01 10:00,CHG_20260512_003
CFG_WEB_008,주요사업 > AI바우처지원 > 접수시스템,,WEB_PAGE,L3_PAGE,3,CFG_WEB_006,/business/voucher/apply,,전자정부프레임워크 v4.1,,AI융합사업팀,USR_014,OPERATIONAL,2026-02-01 10:00,CHG_20260512_003
CFG_WEB_010,주요사업 > AI인재양성 > 교육일정,,WEB_PAGE,L3_PAGE,3,CFG_WEB_009,/business/edu/schedule,,전자정부프레임워크 v4.1,,AI융합사업팀,USR_015,OPERATIONAL,2026-02-01 10:00,
CFG_WEB_009,주요사업 > AI인재양성,,WEB_PAGE,L2_PAGE,2,CFG_WEB_005,/business/edu,,전자정부프레임워크 v4.1,,AI융합사업팀,USR_015,OPERATIONAL,2026-02-01 10:00,
CFG_WEB_011,주요사업 > AI인재양성 > 온라인신청,,WEB_PAGE,L3_PAGE,3,CFG_WEB_009,/business/edu/regist,,전자정부프레임워크 v4.1,,AI융합사업팀,USR_016,OPERATIONAL,2026-02-01 10:00,
CFG_USR_025,경영지원팀 사원 이준우,,HUMAN,Staff,0,,본관 2층 경영지원실,,,,경영지원팀,USR_021,OPERATIONAL,2026-01-01 9:00,
CFG_USR_022,경영지원팀 선임 김낙수,,HUMAN,Staff,0,,본관 2층 경영지원실,,,,경영지원팀,USR_021,OPERATIONAL,2026-01-01 9:00,
CFG_USR_024,경영지원팀 주임 최유리,,HUMAN,Staff,0,,본관 2층 경영지원실,,,,경영지원팀,USR_021,OPERATIONAL,2026-01-01 9:00,
CFG_USR_023,경영지원팀 주임 정우성,,HUMAN,Staff,0,,본관 2층 경영지원실,,,,경영지원팀,USR_021,OPERATIONAL,2026-01-01 9:00,
CFG_USR_021,경영지원팀 책임 신현철,,HUMAN,Staff,0,,본관 2층 경영지원실,,,,경영지원팀,USR_021,OPERATIONAL,2026-01-01 9:00,
CFG_USR_026,경영지원팀 사원 김아름,,HUMAN,Staff,0,,본관 2층 경영지원실,,,,경영지원팀,USR_021,OPERATIONAL,2026-01-01 9:00,
CFG_WEB_012,알림마당 (메인),,WEB_PAGE,L1_PAGE,1,,/notice,,전자정부프레임워크 v4.1,,경영지원팀,USR_021,OPERATIONAL,2026-02-01 10:00,
CFG_WEB_013,알림마당 > 공지사항,,WEB_PAGE,L2_PAGE,2,CFG_WEB_012,/notice/general,,전자정부프레임워크 v4.1,,경영지원팀,USR_021,OPERATIONAL,2026-02-01 10:00,
CFG_WEB_014,알림마당 > 공지사항 > 일반공지,,WEB_PAGE,L3_PAGE,3,CFG_WEB_013,/notice/general/list,,전자정부프레임워크 v4.1,,경영지원팀,USR_021,OPERATIONAL,2026-02-01 10:00,
CFG_WEB_015,알림마당 > 공지사항 > 입찰공고,,WEB_PAGE,L3_PAGE,3,CFG_WEB_013,/notice/general/bid,,전자정부프레임워크 v4.1,,경영지원팀,USR_022,OPERATIONAL,2026-02-01 10:00,
CFG_WEB_017,알림마당 > 보도자료 > 상세조회,,WEB_PAGE,L3_PAGE,3,CFG_WEB_016,/notice/press/detail,,전자정부프레임워크 v4.1,,경영지원팀,USR_023,OPERATIONAL,2026-02-01 10:00,
CFG_WEB_018,알림마당 > 보도자료 > 등록폼,,WEB_PAGE,L3_PAGE,3,CFG_WEB_016,/notice/press/write,,전자정부프레임워크 v4.1,,경영지원팀,USR_023,OPERATIONAL,2026-02-01 10:00,CHG_20260601_005
CFG_WEB_016,알림마당 > 보도자료,,WEB_PAGE,L2_PAGE,2,CFG_WEB_012,/notice/press,,전자정부프레임워크 v4.1,,경영지원팀,USR_023,OPERATIONAL,2026-02-01 10:00,
CFG_USR_029,혁신성장팀 선임 전나래,,HUMAN,Staff,0,,본관 2층 혁신본부,,,,혁신성장팀,USR_027,OPERATIONAL,2026-01-01 9:00,
CFG_USR_027,혁신성장팀 팀장 임재원,,HUMAN,Staff,0,,본관 2층 혁신본부,,,,경영지원팀,USR_027,OPERATIONAL,2026-01-01 9:00,
CFG_USR_028,혁신성장팀 책임 오진우,,HUMAN,Staff,0,,본관 2층 혁신본부,,,,혁신성장팀,USR_027,OPERATIONAL,2026-01-01 9:00,
CFG_USR_030,혁신성장팀 사원 백승우,,HUMAN,Staff,0,,본관 2층 혁신본부,,,,혁신성장팀,USR_027,OPERATIONAL,2026-01-01 9:00,
